#
# There is insufficient memory for the Java Runtime Environment to continue.
# Native memory allocation (mmap) failed to map 6291456 bytes. Error detail: G1 virtual space
# Possible reasons:
#   The system is out of physical RAM or swap space
#   This process is running with CompressedOops enabled, and the Java Heap may be blocking the growth of the native heap
# Possible solutions:
#   Reduce memory load on the system
#   Increase physical memory or swap space
#   Check if swap backing store is full
#   Decrease Java heap size (-Xmx/-Xms)
#   Decrease number of Java threads
#   Decrease Java thread stack sizes (-Xss)
#   Set larger code cache with -XX:ReservedCodeCacheSize=
#   JVM is running with Zero Based Compressed Oops mode in which the Java heap is
#     placed in the first 32GB address space. The Java Heap base address is the
#     maximum limit for the native heap growth. Please use -XX:HeapBaseMinAddress
#     to set the Java Heap base and to place the Java Heap above 32GB virtual address.
# This output file may be truncated or incomplete.
#
#  Out of Memory Error (os_windows.cpp:3925), pid=31160, tid=45728
#
# JRE version: OpenJDK Runtime Environment (21.0.9) (build 21.0.9+-14787801-b1163.94)
# Java VM: OpenJDK 64-Bit Server VM (21.0.9+-14787801-b1163.94, mixed mode, tiered, compressed oops, compressed class ptrs, g1 gc, windows-amd64)
# No core dump will be written. Minidumps are not enabled by default on client versions of Windows
#

---------------  S U M M A R Y ------------

Command Line: --add-opens=java.base/java.lang=ALL-UNNAMED --add-opens=java.base/java.lang.invoke=ALL-UNNAMED --add-opens=java.base/java.util=ALL-UNNAMED --add-opens=java.prefs/java.util.prefs=ALL-UNNAMED --add-exports=jdk.compiler/com.sun.tools.javac.api=ALL-UNNAMED --add-exports=jdk.compiler/com.sun.tools.javac.util=ALL-UNNAMED --add-opens=java.base/java.util=ALL-UNNAMED --add-opens=java.prefs/java.util.prefs=ALL-UNNAMED --add-opens=java.base/java.nio.charset=ALL-UNNAMED --add-opens=java.base/java.net=ALL-UNNAMED --add-opens=java.base/java.util.concurrent.atomic=ALL-UNNAMED --add-opens=java.xml/javax.xml.namespace=ALL-UNNAMED -Xmx4096M -Dfile.encoding=UTF-8 -Duser.country=ID -Duser.language=en -Duser.variant -javaagent:C:\Users\ACER\.gradle\wrapper\dists\gradle-8.14.3-bin\cv11ve7ro1n3o1j4so8xd9n66\gradle-8.14.3\lib\agents\gradle-instrumentation-agent-8.14.3.jar org.gradle.launcher.daemon.bootstrap.GradleDaemon 8.14.3

Host: 13th Gen Intel(R) Core(TM) i5-13420H, 12 cores, 7G,  Windows 11 , 64 bit Build 26100 (10.0.26100.7920)
Time: Sat Mar 28 21:13:25 2026 SE Asia Standard Time elapsed time: 42.422331 seconds (0d 0h 0m 42s)

---------------  T H R E A D  ---------------

Current thread (0x0000012c6e2fe2f0):  VMThread "VM Thread"          [id=45728, stack(0x0000000b19f00000,0x0000000b1a000000) (1024K)]

Stack: [0x0000000b19f00000,0x0000000b1a000000]
Native frames: (J=compiled Java code, j=interpreted, Vv=VM code, C=native code)
V  [jvm.dll+0x6d6c99]
V  [jvm.dll+0x866b83]
V  [jvm.dll+0x8691ae]
V  [jvm.dll+0x869893]
V  [jvm.dll+0x280776]
V  [jvm.dll+0x6d3555]
V  [jvm.dll+0x6c6bea]
V  [jvm.dll+0x3587fb]
V  [jvm.dll+0x360476]
V  [jvm.dll+0x3b2646]
V  [jvm.dll+0x3b2918]
V  [jvm.dll+0x32af0c]
V  [jvm.dll+0x32d916]
V  [jvm.dll+0x3377ed]
V  [jvm.dll+0x36ef55]
V  [jvm.dll+0x86f618]
V  [jvm.dll+0x870994]
V  [jvm.dll+0x870ed0]
V  [jvm.dll+0x871163]
V  [jvm.dll+0x80f118]
V  [jvm.dll+0x6d54ed]
C  [ucrtbase.dll+0x37b0]
C  [KERNEL32.DLL+0x2e8d7]
C  [ntdll.dll+0x8c48c]

VM_Operation (0x0000000b19aff6e0): G1PauseRemark, mode: safepoint, requested by thread 0x0000012c54016c40


---------------  P R O C E S S  ---------------

Threads class SMR info:
_java_thread_list=0x0000012c73d8e300, length=170, elements={
0x0000012c53f9bf50, 0x0000012c6e46ef10, 0x0000012c6e473f00, 0x0000012c6e487bc0,
0x0000012c6e499350, 0x0000012c6e499db0, 0x0000012c6e49ac20, 0x0000012c6e4a3690,
0x0000012c6e4a5430, 0x0000012c6e4a6000, 0x0000012c6e7e9140, 0x0000012c74652e90,
0x0000012c741ff860, 0x0000012c7576ec50, 0x0000012c751097d0, 0x0000012c75644d20,
0x0000012c7512e6c0, 0x0000012c75738df0, 0x0000012c75736690, 0x0000012c75736d20,
0x0000012c757373b0, 0x0000012c757380d0, 0x0000012c75737a40, 0x0000012c75738760,
0x0000012c75739b10, 0x0000012c73e140f0, 0x0000012c73e17570, 0x0000012c73e17c00,
0x0000012c73e14780, 0x0000012c73e18290, 0x0000012c73e16850, 0x0000012c73e16ee0,
0x0000012c73e18920, 0x0000012c73e161c0, 0x0000012c73e18fb0, 0x0000012c73e1a9f0,
0x0000012c77da5c20, 0x0000012c77da4f00, 0x0000012c77da8380, 0x0000012c77da7cf0,
0x0000012c77da62b0, 0x0000012c77da7660, 0x0000012c77da5590, 0x0000012c77da6940,
0x0000012c77da8a10, 0x0000012c77daa450, 0x0000012c77da90a0, 0x0000012c77da9730,
0x0000012c77da9dc0, 0x0000012c77dab170, 0x0000012c77dab800, 0x0000012c77dabe90,
0x0000012c77dac520, 0x0000012c77367ad0, 0x0000012c77366090, 0x0000012c77368160,
0x0000012c77369ba0, 0x0000012c77366720, 0x0000012c77368e80, 0x0000012c77369510,
0x0000012c773687f0, 0x0000012c77367440, 0x0000012c7736a230, 0x0000012c77366db0,
0x0000012c7736a8c0, 0x0000012c7736af50, 0x0000012c7736c990, 0x0000012c7736d020,
0x0000012c7736bc70, 0x0000012c7736b5e0, 0x0000012c7736d6b0, 0x0000012c7736c300,
0x0000012c76e97eb0, 0x0000012c76e98540, 0x0000012c76e97820, 0x0000012c76e99260,
0x0000012c76e98bd0, 0x0000012c76e998f0, 0x0000012c76e99f80, 0x0000012c76e96b00,
0x0000012c76e9a610, 0x0000012c76e97190, 0x0000012c76e9b330, 0x0000012c76e9e120,
0x0000012c76e9d400, 0x0000012c76e9da90, 0x0000012c76e9b9c0, 0x0000012c76e9aca0,
0x0000012c76e9c050, 0x0000012c76e9c6e0, 0x0000012c76e9cd70, 0x0000012c76a6e2d0,
0x0000012c76a6e960, 0x0000012c76a710c0, 0x0000012c76a6eff0, 0x0000012c76a6f680,
0x0000012c76a6fd10, 0x0000012c76a6dc40, 0x0000012c76a73820, 0x0000012c76a703a0,
0x0000012c76a71750, 0x0000012c76a71de0, 0x0000012c76a72470, 0x0000012c76a72b00,
0x0000012c76a70a30, 0x0000012c76a73190, 0x0000012c76a73eb0, 0x0000012c76a74bd0,
0x0000012c76a74540, 0x0000012c76a75260, 0x0000012c76a4f660, 0x0000012c76a510a0,
0x0000012c76a50380, 0x0000012c76a50a10, 0x0000012c76a4fcf0, 0x0000012c76a4dc20,
0x0000012c76a51730, 0x0000012c76a4e2b0, 0x0000012c76a51dc0, 0x0000012c76a4e940,
0x0000012c76a4efd0, 0x0000012c76a52ae0, 0x0000012c76a52450, 0x0000012c76a55240,
0x0000012c76a53170, 0x0000012c76a53800, 0x0000012c76a53e90, 0x0000012c76a54520,
0x0000012c76a54bb0, 0x0000012c74ce9960, 0x0000012c74cef540, 0x0000012c74cec0c0,
0x0000012c74cefbd0, 0x0000012c74cf0260, 0x0000012c74cf08f0, 0x0000012c74cf0f80,
0x0000012c73e19cd0, 0x0000012c76b3ea20, 0x0000012c76b40460, 0x0000012c76b3cfe0,
0x0000012c76b3f0b0, 0x0000012c76b3f740, 0x0000012c76b3fdd0, 0x0000012c76b40af0,
0x0000012c76b3d670, 0x0000012c76b41180, 0x0000012c76b3dd00, 0x0000012c76b41810,
0x0000012c76b3e390, 0x0000012c76b41ea0, 0x0000012c76b42530, 0x0000012c76b42bc0,
0x0000012c7458d9a0, 0x0000012c7458c5f0, 0x0000012c7458f3e0, 0x0000012c7458e030,
0x0000012c7458fa70, 0x0000012c7458e6c0, 0x0000012c74590100, 0x0000012c7458d310,
0x0000012c7458ed50, 0x0000012c7458cc80, 0x0000012c74593580, 0x0000012c74590e20,
0x0000012c745914b0, 0x0000012c74591b40, 0x0000012c74590790, 0x0000012c745921d0,
0x0000012c74592860, 0x0000012c74593c10
}

Java Threads: ( => current thread )
  0x0000012c53f9bf50 JavaThread "main"                              [_thread_blocked, id=3804, stack(0x0000000b19800000,0x0000000b19900000) (1024K)]
  0x0000012c6e46ef10 JavaThread "Common-Cleaner"             daemon [_thread_blocked, id=40664, stack(0x0000000b1a000000,0x0000000b1a100000) (1024K)]
  0x0000012c6e473f00 JavaThread "Reference Handler"          daemon [_thread_blocked, id=45340, stack(0x0000000b1a100000,0x0000000b1a200000) (1024K)]
  0x0000012c6e487bc0 JavaThread "Finalizer"                  daemon [_thread_blocked, id=34804, stack(0x0000000b1a200000,0x0000000b1a300000) (1024K)]
  0x0000012c6e499350 JavaThread "Signal Dispatcher"          daemon [_thread_blocked, id=36244, stack(0x0000000b1a300000,0x0000000b1a400000) (1024K)]
  0x0000012c6e499db0 JavaThread "Attach Listener"            daemon [_thread_blocked, id=17184, stack(0x0000000b1a400000,0x0000000b1a500000) (1024K)]
  0x0000012c6e49ac20 JavaThread "Service Thread"             daemon [_thread_blocked, id=33804, stack(0x0000000b1a500000,0x0000000b1a600000) (1024K)]
  0x0000012c6e4a3690 JavaThread "Monitor Deflation Thread"   daemon [_thread_blocked, id=38920, stack(0x0000000b1a600000,0x0000000b1a700000) (1024K)]
  0x0000012c6e4a5430 JavaThread "C2 CompilerThread0"         daemon [_thread_blocked, id=43420, stack(0x0000000b1a700000,0x0000000b1a800000) (1024K)]
  0x0000012c6e4a6000 JavaThread "C1 CompilerThread0"         daemon [_thread_blocked, id=9676, stack(0x0000000b1a800000,0x0000000b1a900000) (1024K)]
  0x0000012c6e7e9140 JavaThread "Notification Thread"        daemon [_thread_blocked, id=43520, stack(0x0000000b1a900000,0x0000000b1aa00000) (1024K)]
  0x0000012c74652e90 JavaThread "Daemon health stats"               [_thread_blocked, id=44148, stack(0x0000000b1af00000,0x0000000b1b000000) (1024K)]
  0x0000012c741ff860 JavaThread "Incoming local TCP Connector on port 65443"        [_thread_in_native, id=42764, stack(0x0000000b1b000000,0x0000000b1b100000) (1024K)]
  0x0000012c7576ec50 JavaThread "Daemon periodic checks"            [_thread_blocked, id=39352, stack(0x0000000b1b100000,0x0000000b1b200000) (1024K)]
  0x0000012c751097d0 JavaThread "Daemon"                            [_thread_blocked, id=24192, stack(0x0000000b1b200000,0x0000000b1b300000) (1024K)]
  0x0000012c75644d20 JavaThread "Handler for socket connection from /127.0.0.1:65443 to /127.0.0.1:65444"        [_thread_in_native, id=17352, stack(0x0000000b1b300000,0x0000000b1b400000) (1024K)]
  0x0000012c7512e6c0 JavaThread "Cancel handler"                    [_thread_blocked, id=45636, stack(0x0000000b1b400000,0x0000000b1b500000) (1024K)]
  0x0000012c75738df0 JavaThread "Daemon worker"                     [_thread_blocked, id=17036, stack(0x0000000b1b500000,0x0000000b1b600000) (1024K)]
  0x0000012c75736690 JavaThread "Asynchronous log dispatcher for DefaultDaemonConnection: socket connection from /127.0.0.1:65443 to /127.0.0.1:65444"        [_thread_blocked, id=18584, stack(0x0000000b1b600000,0x0000000b1b700000) (1024K)]
  0x0000012c75736d20 JavaThread "Stdin handler"                     [_thread_blocked, id=41880, stack(0x0000000b1b700000,0x0000000b1b800000) (1024K)]
  0x0000012c757373b0 JavaThread "Daemon client event forwarder"        [_thread_blocked, id=16544, stack(0x0000000b1b800000,0x0000000b1b900000) (1024K)]
  0x0000012c757380d0 JavaThread "Cache worker for journal cache (C:\Users\ACER\.gradle\caches\journal-1)"        [_thread_blocked, id=7928, stack(0x0000000b1c000000,0x0000000b1c100000) (1024K)]
  0x0000012c75737a40 JavaThread "File lock request listener"        [_thread_in_native, id=9604, stack(0x0000000b1c100000,0x0000000b1c200000) (1024K)]
  0x0000012c75738760 JavaThread "Cache worker for file hash cache (C:\Users\ACER\.gradle\caches\8.14.3\fileHashes)"        [_thread_blocked, id=39656, stack(0x0000000b1aa00000,0x0000000b1ab00000) (1024K)]
  0x0000012c75739b10 JavaThread "Cache worker for file hash cache (D:\Source Code\ormawa\mobile_mangli\.gradle\8.14.3\fileHashes)"        [_thread_blocked, id=45204, stack(0x0000000b1c200000,0x0000000b1c300000) (1024K)]
  0x0000012c73e140f0 JavaThread "Cache worker for checksums cache (D:\Source Code\ormawa\mobile_mangli\.gradle\8.14.3\checksums)"        [_thread_blocked, id=45676, stack(0x0000000b1c300000,0x0000000b1c400000) (1024K)]
  0x0000012c73e17570 JavaThread "Cache worker for Build Output Cleanup Cache (D:\Source Code\ormawa\mobile_mangli\.gradle\buildOutputCleanup)"        [_thread_blocked, id=13344, stack(0x0000000b1c400000,0x0000000b1c500000) (1024K)]
  0x0000012c73e17c00 JavaThread "Cache worker for file content cache (C:\Users\ACER\.gradle\caches\8.14.3\fileContent)"        [_thread_blocked, id=19688, stack(0x0000000b1c500000,0x0000000b1c600000) (1024K)]
  0x0000012c73e14780 JavaThread "File watcher server"        daemon [_thread_blocked, id=39588, stack(0x0000000b1c600000,0x0000000b1c700000) (1024K)]
  0x0000012c73e18290 JavaThread "File watcher consumer"      daemon [_thread_blocked, id=38952, stack(0x0000000b1c700000,0x0000000b1c800000) (1024K)]
  0x0000012c73e16850 JavaThread "build event listener"              [_thread_blocked, id=43100, stack(0x0000000b1c900000,0x0000000b1ca00000) (1024K)]
  0x0000012c73e16ee0 JavaThread "build event listener"              [_thread_blocked, id=41836, stack(0x0000000b1ca00000,0x0000000b1cb00000) (1024K)]
  0x0000012c73e18920 JavaThread "build event listener"              [_thread_blocked, id=44016, stack(0x0000000b1cb00000,0x0000000b1cc00000) (1024K)]
  0x0000012c73e161c0 JavaThread "build event listener"              [_thread_blocked, id=43076, stack(0x0000000b1cc00000,0x0000000b1cd00000) (1024K)]
  0x0000012c73e18fb0 JavaThread "Build operations"                  [_thread_blocked, id=34252, stack(0x0000000b1cd00000,0x0000000b1ce00000) (1024K)]
  0x0000012c73e1a9f0 JavaThread "Memory manager"                    [_thread_blocked, id=38068, stack(0x0000000b1c800000,0x0000000b1c900000) (1024K)]
  0x0000012c77da5c20 JavaThread "included builds"                   [_thread_blocked, id=42648, stack(0x0000000b1ce00000,0x0000000b1cf00000) (1024K)]
  0x0000012c77da4f00 JavaThread "Execution worker"                  [_thread_blocked, id=41096, stack(0x0000000b1cf00000,0x0000000b1d000000) (1024K)]
  0x0000012c77da8380 JavaThread "Execution worker Thread 2"         [_thread_blocked, id=16860, stack(0x0000000b1d000000,0x0000000b1d100000) (1024K)]
  0x0000012c77da7cf0 JavaThread "Execution worker Thread 3"         [_thread_blocked, id=24056, stack(0x0000000b1d100000,0x0000000b1d200000) (1024K)]
  0x0000012c77da62b0 JavaThread "Execution worker Thread 4"         [_thread_blocked, id=29488, stack(0x0000000b1d200000,0x0000000b1d300000) (1024K)]
  0x0000012c77da7660 JavaThread "Execution worker Thread 5"         [_thread_blocked, id=45292, stack(0x0000000b1d300000,0x0000000b1d400000) (1024K)]
  0x0000012c77da5590 JavaThread "Execution worker Thread 6"         [_thread_blocked, id=32124, stack(0x0000000b1d400000,0x0000000b1d500000) (1024K)]
  0x0000012c77da6940 JavaThread "Execution worker Thread 7"         [_thread_blocked, id=39532, stack(0x0000000b1d500000,0x0000000b1d600000) (1024K)]
  0x0000012c77da8a10 JavaThread "Execution worker Thread 8"         [_thread_blocked, id=45208, stack(0x0000000b1d600000,0x0000000b1d700000) (1024K)]
  0x0000012c77daa450 JavaThread "Execution worker Thread 9"         [_thread_blocked, id=42900, stack(0x0000000b1d700000,0x0000000b1d800000) (1024K)]
  0x0000012c77da90a0 JavaThread "Execution worker Thread 10"        [_thread_blocked, id=380, stack(0x0000000b1d800000,0x0000000b1d900000) (1024K)]
  0x0000012c77da9730 JavaThread "Execution worker Thread 11"        [_thread_blocked, id=9576, stack(0x0000000b1d900000,0x0000000b1da00000) (1024K)]
  0x0000012c77da9dc0 JavaThread "Cache worker for execution history cache (D:\Source Code\ormawa\mobile_mangli\.gradle\8.14.3\executionHistory)"        [_thread_blocked, id=39464, stack(0x0000000b1db00000,0x0000000b1dc00000) (1024K)]
  0x0000012c77dab170 JavaThread "Unconstrained build operations"        [_thread_blocked, id=13004, stack(0x0000000b1dc00000,0x0000000b1dd00000) (1024K)]
  0x0000012c77dab800 JavaThread "Unconstrained build operations Thread 2"        [_thread_blocked, id=43844, stack(0x0000000b1dd00000,0x0000000b1de00000) (1024K)]
  0x0000012c77dabe90 JavaThread "Unconstrained build operations Thread 3"        [_thread_blocked, id=41048, stack(0x0000000b1de00000,0x0000000b1df00000) (1024K)]
  0x0000012c77dac520 JavaThread "Unconstrained build operations Thread 4"        [_thread_blocked, id=39540, stack(0x0000000b1df00000,0x0000000b1e000000) (1024K)]
  0x0000012c77367ad0 JavaThread "Unconstrained build operations Thread 5"        [_thread_blocked, id=32292, stack(0x0000000b1e000000,0x0000000b1e100000) (1024K)]
  0x0000012c77366090 JavaThread "Unconstrained build operations Thread 6"        [_thread_blocked, id=20364, stack(0x0000000b1e100000,0x0000000b1e200000) (1024K)]
  0x0000012c77368160 JavaThread "Unconstrained build operations Thread 7"        [_thread_blocked, id=21540, stack(0x0000000b1e200000,0x0000000b1e300000) (1024K)]
  0x0000012c77369ba0 JavaThread "Unconstrained build operations Thread 8"        [_thread_blocked, id=2888, stack(0x0000000b1e300000,0x0000000b1e400000) (1024K)]
  0x0000012c77366720 JavaThread "Unconstrained build operations Thread 9"        [_thread_blocked, id=39784, stack(0x0000000b1e400000,0x0000000b1e500000) (1024K)]
  0x0000012c77368e80 JavaThread "Unconstrained build operations Thread 10"        [_thread_blocked, id=34540, stack(0x0000000b1e500000,0x0000000b1e600000) (1024K)]
  0x0000012c77369510 JavaThread "Unconstrained build operations Thread 11"        [_thread_blocked, id=16512, stack(0x0000000b1e600000,0x0000000b1e700000) (1024K)]
  0x0000012c773687f0 JavaThread "Unconstrained build operations Thread 12"        [_thread_blocked, id=41776, stack(0x0000000b1e700000,0x0000000b1e800000) (1024K)]
  0x0000012c77367440 JavaThread "Unconstrained build operations Thread 14"        [_thread_blocked, id=18188, stack(0x0000000b1e800000,0x0000000b1e900000) (1024K)]
  0x0000012c7736a230 JavaThread "Unconstrained build operations Thread 13"        [_thread_blocked, id=33056, stack(0x0000000b1e900000,0x0000000b1ea00000) (1024K)]
  0x0000012c77366db0 JavaThread "Unconstrained build operations Thread 15"        [_thread_blocked, id=3768, stack(0x0000000b1ea00000,0x0000000b1eb00000) (1024K)]
  0x0000012c7736a8c0 JavaThread "Unconstrained build operations Thread 16"        [_thread_blocked, id=35892, stack(0x0000000b1eb00000,0x0000000b1ec00000) (1024K)]
  0x0000012c7736af50 JavaThread "Unconstrained build operations Thread 18"        [_thread_blocked, id=34352, stack(0x0000000b1ec00000,0x0000000b1ed00000) (1024K)]
  0x0000012c7736c990 JavaThread "Unconstrained build operations Thread 17"        [_thread_blocked, id=2360, stack(0x0000000b1ed00000,0x0000000b1ee00000) (1024K)]
  0x0000012c7736d020 JavaThread "Unconstrained build operations Thread 19"        [_thread_blocked, id=46048, stack(0x0000000b1ee00000,0x0000000b1ef00000) (1024K)]
  0x0000012c7736bc70 JavaThread "Unconstrained build operations Thread 20"        [_thread_blocked, id=19880, stack(0x0000000b1ef00000,0x0000000b1f000000) (1024K)]
  0x0000012c7736b5e0 JavaThread "Unconstrained build operations Thread 21"        [_thread_blocked, id=17384, stack(0x0000000b1f000000,0x0000000b1f100000) (1024K)]
  0x0000012c7736d6b0 JavaThread "Unconstrained build operations Thread 22"        [_thread_blocked, id=11476, stack(0x0000000b1f100000,0x0000000b1f200000) (1024K)]
  0x0000012c7736c300 JavaThread "Unconstrained build operations Thread 23"        [_thread_blocked, id=33264, stack(0x0000000b1f200000,0x0000000b1f300000) (1024K)]
  0x0000012c76e97eb0 JavaThread "Unconstrained build operations Thread 24"        [_thread_blocked, id=28916, stack(0x0000000b1f300000,0x0000000b1f400000) (1024K)]
  0x0000012c76e98540 JavaThread "Unconstrained build operations Thread 25"        [_thread_blocked, id=45940, stack(0x0000000b1f400000,0x0000000b1f500000) (1024K)]
  0x0000012c76e97820 JavaThread "Unconstrained build operations Thread 26"        [_thread_blocked, id=42952, stack(0x0000000b1f500000,0x0000000b1f600000) (1024K)]
  0x0000012c76e99260 JavaThread "Unconstrained build operations Thread 27"        [_thread_blocked, id=37708, stack(0x0000000b1f600000,0x0000000b1f700000) (1024K)]
  0x0000012c76e98bd0 JavaThread "Unconstrained build operations Thread 28"        [_thread_blocked, id=15572, stack(0x0000000b1f700000,0x0000000b1f800000) (1024K)]
  0x0000012c76e998f0 JavaThread "Unconstrained build operations Thread 29"        [_thread_blocked, id=36800, stack(0x0000000b1f800000,0x0000000b1f900000) (1024K)]
  0x0000012c76e99f80 JavaThread "Unconstrained build operations Thread 30"        [_thread_blocked, id=34104, stack(0x0000000b1f900000,0x0000000b1fa00000) (1024K)]
  0x0000012c76e96b00 JavaThread "Unconstrained build operations Thread 31"        [_thread_blocked, id=30132, stack(0x0000000b1fa00000,0x0000000b1fb00000) (1024K)]
  0x0000012c76e9a610 JavaThread "Unconstrained build operations Thread 33"        [_thread_blocked, id=41396, stack(0x0000000b1fb00000,0x0000000b1fc00000) (1024K)]
  0x0000012c76e97190 JavaThread "Unconstrained build operations Thread 34"        [_thread_blocked, id=45112, stack(0x0000000b1fc00000,0x0000000b1fd00000) (1024K)]
  0x0000012c76e9b330 JavaThread "Unconstrained build operations Thread 35"        [_thread_blocked, id=13916, stack(0x0000000b1fd00000,0x0000000b1fe00000) (1024K)]
  0x0000012c76e9e120 JavaThread "Unconstrained build operations Thread 32"        [_thread_blocked, id=22208, stack(0x0000000b1fe00000,0x0000000b1ff00000) (1024K)]
  0x0000012c76e9d400 JavaThread "Unconstrained build operations Thread 36"        [_thread_blocked, id=45184, stack(0x0000000b1ff00000,0x0000000b20000000) (1024K)]
  0x0000012c76e9da90 JavaThread "Unconstrained build operations Thread 38"        [_thread_blocked, id=15388, stack(0x0000000b20000000,0x0000000b20100000) (1024K)]
  0x0000012c76e9b9c0 JavaThread "Unconstrained build operations Thread 39"        [_thread_blocked, id=41164, stack(0x0000000b20100000,0x0000000b20200000) (1024K)]
  0x0000012c76e9aca0 JavaThread "Unconstrained build operations Thread 37"        [_thread_blocked, id=45624, stack(0x0000000b20200000,0x0000000b20300000) (1024K)]
  0x0000012c76e9c050 JavaThread "Unconstrained build operations Thread 40"        [_thread_blocked, id=32748, stack(0x0000000b20300000,0x0000000b20400000) (1024K)]
  0x0000012c76e9c6e0 JavaThread "Unconstrained build operations Thread 41"        [_thread_blocked, id=41024, stack(0x0000000b20400000,0x0000000b20500000) (1024K)]
  0x0000012c76e9cd70 JavaThread "Unconstrained build operations Thread 42"        [_thread_blocked, id=25528, stack(0x0000000b20500000,0x0000000b20600000) (1024K)]
  0x0000012c76a6e2d0 JavaThread "Unconstrained build operations Thread 43"        [_thread_blocked, id=33316, stack(0x0000000b20600000,0x0000000b20700000) (1024K)]
  0x0000012c76a6e960 JavaThread "Unconstrained build operations Thread 44"        [_thread_blocked, id=46016, stack(0x0000000b20700000,0x0000000b20800000) (1024K)]
  0x0000012c76a710c0 JavaThread "Unconstrained build operations Thread 45"        [_thread_blocked, id=45164, stack(0x0000000b20800000,0x0000000b20900000) (1024K)]
  0x0000012c76a6eff0 JavaThread "Unconstrained build operations Thread 46"        [_thread_blocked, id=20008, stack(0x0000000b20900000,0x0000000b20a00000) (1024K)]
  0x0000012c76a6f680 JavaThread "Unconstrained build operations Thread 47"        [_thread_blocked, id=41008, stack(0x0000000b20a00000,0x0000000b20b00000) (1024K)]
  0x0000012c76a6fd10 JavaThread "Unconstrained build operations Thread 48"        [_thread_blocked, id=31356, stack(0x0000000b20b00000,0x0000000b20c00000) (1024K)]
  0x0000012c76a6dc40 JavaThread "Unconstrained build operations Thread 49"        [_thread_blocked, id=37020, stack(0x0000000b20c00000,0x0000000b20d00000) (1024K)]
  0x0000012c76a73820 JavaThread "Unconstrained build operations Thread 50"        [_thread_blocked, id=44304, stack(0x0000000b20d00000,0x0000000b20e00000) (1024K)]
  0x0000012c76a703a0 JavaThread "Unconstrained build operations Thread 51"        [_thread_blocked, id=45128, stack(0x0000000b20e00000,0x0000000b20f00000) (1024K)]
  0x0000012c76a71750 JavaThread "Unconstrained build operations Thread 53"        [_thread_blocked, id=42252, stack(0x0000000b20f00000,0x0000000b21000000) (1024K)]
  0x0000012c76a71de0 JavaThread "Unconstrained build operations Thread 52"        [_thread_blocked, id=21452, stack(0x0000000b21000000,0x0000000b21100000) (1024K)]
  0x0000012c76a72470 JavaThread "Unconstrained build operations Thread 54"        [_thread_blocked, id=41184, stack(0x0000000b21100000,0x0000000b21200000) (1024K)]
  0x0000012c76a72b00 JavaThread "Unconstrained build operations Thread 55"        [_thread_blocked, id=43588, stack(0x0000000b21200000,0x0000000b21300000) (1024K)]
  0x0000012c76a70a30 JavaThread "Unconstrained build operations Thread 56"        [_thread_blocked, id=35744, stack(0x0000000b21300000,0x0000000b21400000) (1024K)]
  0x0000012c76a73190 JavaThread "Unconstrained build operations Thread 57"        [_thread_blocked, id=4704, stack(0x0000000b21400000,0x0000000b21500000) (1024K)]
  0x0000012c76a73eb0 JavaThread "Unconstrained build operations Thread 58"        [_thread_blocked, id=11340, stack(0x0000000b21500000,0x0000000b21600000) (1024K)]
  0x0000012c76a74bd0 JavaThread "Unconstrained build operations Thread 59"        [_thread_blocked, id=41152, stack(0x0000000b21600000,0x0000000b21700000) (1024K)]
  0x0000012c76a74540 JavaThread "Unconstrained build operations Thread 60"        [_thread_blocked, id=19828, stack(0x0000000b21700000,0x0000000b21800000) (1024K)]
  0x0000012c76a75260 JavaThread "Unconstrained build operations Thread 61"        [_thread_blocked, id=14068, stack(0x0000000b21800000,0x0000000b21900000) (1024K)]
  0x0000012c76a4f660 JavaThread "Unconstrained build operations Thread 62"        [_thread_blocked, id=43200, stack(0x0000000b21900000,0x0000000b21a00000) (1024K)]
  0x0000012c76a510a0 JavaThread "Unconstrained build operations Thread 63"        [_thread_blocked, id=23344, stack(0x0000000b21a00000,0x0000000b21b00000) (1024K)]
  0x0000012c76a50380 JavaThread "Unconstrained build operations Thread 64"        [_thread_blocked, id=44956, stack(0x0000000b21b00000,0x0000000b21c00000) (1024K)]
  0x0000012c76a50a10 JavaThread "Unconstrained build operations Thread 65"        [_thread_blocked, id=40444, stack(0x0000000b21c00000,0x0000000b21d00000) (1024K)]
  0x0000012c76a4fcf0 JavaThread "Unconstrained build operations Thread 66"        [_thread_blocked, id=38856, stack(0x0000000b21d00000,0x0000000b21e00000) (1024K)]
  0x0000012c76a4dc20 JavaThread "Unconstrained build operations Thread 67"        [_thread_blocked, id=41724, stack(0x0000000b21e00000,0x0000000b21f00000) (1024K)]
  0x0000012c76a51730 JavaThread "Unconstrained build operations Thread 68"        [_thread_blocked, id=35724, stack(0x0000000b21f00000,0x0000000b22000000) (1024K)]
  0x0000012c76a4e2b0 JavaThread "Unconstrained build operations Thread 69"        [_thread_blocked, id=39988, stack(0x0000000b22000000,0x0000000b22100000) (1024K)]
  0x0000012c76a51dc0 JavaThread "Unconstrained build operations Thread 70"        [_thread_blocked, id=14176, stack(0x0000000b22100000,0x0000000b22200000) (1024K)]
  0x0000012c76a4e940 JavaThread "Unconstrained build operations Thread 71"        [_thread_blocked, id=16296, stack(0x0000000b22200000,0x0000000b22300000) (1024K)]
  0x0000012c76a4efd0 JavaThread "Unconstrained build operations Thread 72"        [_thread_blocked, id=33028, stack(0x0000000b22300000,0x0000000b22400000) (1024K)]
  0x0000012c76a52ae0 JavaThread "Unconstrained build operations Thread 73"        [_thread_blocked, id=43040, stack(0x0000000b22400000,0x0000000b22500000) (1024K)]
  0x0000012c76a52450 JavaThread "Unconstrained build operations Thread 74"        [_thread_blocked, id=40056, stack(0x0000000b22500000,0x0000000b22600000) (1024K)]
  0x0000012c76a55240 JavaThread "Unconstrained build operations Thread 75"        [_thread_blocked, id=39984, stack(0x0000000b22600000,0x0000000b22700000) (1024K)]
  0x0000012c76a53170 JavaThread "Unconstrained build operations Thread 76"        [_thread_blocked, id=35720, stack(0x0000000b22700000,0x0000000b22800000) (1024K)]
  0x0000012c76a53800 JavaThread "Unconstrained build operations Thread 77"        [_thread_blocked, id=19900, stack(0x0000000b22800000,0x0000000b22900000) (1024K)]
  0x0000012c76a53e90 JavaThread "Unconstrained build operations Thread 78"        [_thread_blocked, id=18044, stack(0x0000000b22900000,0x0000000b22a00000) (1024K)]
  0x0000012c76a54520 JavaThread "Unconstrained build operations Thread 79"        [_thread_blocked, id=14852, stack(0x0000000b22a00000,0x0000000b22b00000) (1024K)]
  0x0000012c76a54bb0 JavaThread "Unconstrained build operations Thread 80"        [_thread_blocked, id=45016, stack(0x0000000b22b00000,0x0000000b22c00000) (1024K)]
  0x0000012c74ce9960 JavaThread "pool-2-thread-1"                   [_thread_blocked, id=5984, stack(0x0000000b1da00000,0x0000000b1db00000) (1024K)]
  0x0000012c74cef540 JavaThread "Unconstrained build operations Thread 81"        [_thread_blocked, id=41352, stack(0x0000000b22c00000,0x0000000b22d00000) (1024K)]
  0x0000012c74cec0c0 JavaThread "Unconstrained build operations Thread 82"        [_thread_blocked, id=41240, stack(0x0000000b22d00000,0x0000000b22e00000) (1024K)]
  0x0000012c74cefbd0 JavaThread "Unconstrained build operations Thread 83"        [_thread_blocked, id=40772, stack(0x0000000b22e00000,0x0000000b22f00000) (1024K)]
  0x0000012c74cf0260 JavaThread "Unconstrained build operations Thread 84"        [_thread_blocked, id=24352, stack(0x0000000b22f00000,0x0000000b23000000) (1024K)]
  0x0000012c74cf08f0 JavaThread "Unconstrained build operations Thread 85"        [_thread_blocked, id=44448, stack(0x0000000b23000000,0x0000000b23100000) (1024K)]
  0x0000012c74cf0f80 JavaThread "Unconstrained build operations Thread 86"        [_thread_blocked, id=14596, stack(0x0000000b23100000,0x0000000b23200000) (1024K)]
  0x0000012c73e19cd0 JavaThread "Unconstrained build operations Thread 87"        [_thread_blocked, id=6168, stack(0x0000000b23200000,0x0000000b23300000) (1024K)]
  0x0000012c76b3ea20 JavaThread "Unconstrained build operations Thread 88"        [_thread_blocked, id=10152, stack(0x0000000b23300000,0x0000000b23400000) (1024K)]
  0x0000012c76b40460 JavaThread "Unconstrained build operations Thread 89"        [_thread_blocked, id=43560, stack(0x0000000b23400000,0x0000000b23500000) (1024K)]
  0x0000012c76b3cfe0 JavaThread "Unconstrained build operations Thread 90"        [_thread_blocked, id=42168, stack(0x0000000b23500000,0x0000000b23600000) (1024K)]
  0x0000012c76b3f0b0 JavaThread "Unconstrained build operations Thread 91"        [_thread_blocked, id=1732, stack(0x0000000b23600000,0x0000000b23700000) (1024K)]
  0x0000012c76b3f740 JavaThread "Unconstrained build operations Thread 92"        [_thread_blocked, id=6092, stack(0x0000000b23800000,0x0000000b23900000) (1024K)]
  0x0000012c76b3fdd0 JavaThread "Unconstrained build operations Thread 93"        [_thread_blocked, id=42980, stack(0x0000000b23900000,0x0000000b23a00000) (1024K)]
  0x0000012c76b40af0 JavaThread "Unconstrained build operations Thread 94"        [_thread_blocked, id=42516, stack(0x0000000b23a00000,0x0000000b23b00000) (1024K)]
  0x0000012c76b3d670 JavaThread "Unconstrained build operations Thread 95"        [_thread_blocked, id=20444, stack(0x0000000b23b00000,0x0000000b23c00000) (1024K)]
  0x0000012c76b41180 JavaThread "Unconstrained build operations Thread 96"        [_thread_blocked, id=38156, stack(0x0000000b23c00000,0x0000000b23d00000) (1024K)]
  0x0000012c76b3dd00 JavaThread "Unconstrained build operations Thread 97"        [_thread_blocked, id=44860, stack(0x0000000b23d00000,0x0000000b23e00000) (1024K)]
  0x0000012c76b41810 JavaThread "Unconstrained build operations Thread 98"        [_thread_blocked, id=43164, stack(0x0000000b23e00000,0x0000000b23f00000) (1024K)]
  0x0000012c76b3e390 JavaThread "Unconstrained build operations Thread 99"        [_thread_blocked, id=29032, stack(0x0000000b23f00000,0x0000000b24000000) (1024K)]
  0x0000012c76b41ea0 JavaThread "Unconstrained build operations Thread 100"        [_thread_blocked, id=4880, stack(0x0000000b24000000,0x0000000b24100000) (1024K)]
  0x0000012c76b42530 JavaThread "Unconstrained build operations Thread 101"        [_thread_blocked, id=5408, stack(0x0000000b24100000,0x0000000b24200000) (1024K)]
  0x0000012c76b42bc0 JavaThread "Unconstrained build operations Thread 102"        [_thread_blocked, id=45132, stack(0x0000000b24200000,0x0000000b24300000) (1024K)]
  0x0000012c7458d9a0 JavaThread "Unconstrained build operations Thread 103"        [_thread_blocked, id=35708, stack(0x0000000b23700000,0x0000000b23800000) (1024K)]
  0x0000012c7458c5f0 JavaThread "Unconstrained build operations Thread 104"        [_thread_blocked, id=6916, stack(0x0000000b24300000,0x0000000b24400000) (1024K)]
  0x0000012c7458f3e0 JavaThread "Unconstrained build operations Thread 105"        [_thread_blocked, id=27836, stack(0x0000000b24400000,0x0000000b24500000) (1024K)]
  0x0000012c7458e030 JavaThread "Unconstrained build operations Thread 106"        [_thread_blocked, id=16244, stack(0x0000000b24500000,0x0000000b24600000) (1024K)]
  0x0000012c7458fa70 JavaThread "Unconstrained build operations Thread 107"        [_thread_blocked, id=20496, stack(0x0000000b24600000,0x0000000b24700000) (1024K)]
  0x0000012c7458e6c0 JavaThread "Unconstrained build operations Thread 108"        [_thread_blocked, id=4776, stack(0x0000000b24700000,0x0000000b24800000) (1024K)]
  0x0000012c74590100 JavaThread "Unconstrained build operations Thread 109"        [_thread_blocked, id=17796, stack(0x0000000b24800000,0x0000000b24900000) (1024K)]
  0x0000012c7458d310 JavaThread "Unconstrained build operations Thread 110"        [_thread_blocked, id=18788, stack(0x0000000b24900000,0x0000000b24a00000) (1024K)]
  0x0000012c7458ed50 JavaThread "Unconstrained build operations Thread 111"        [_thread_blocked, id=45796, stack(0x0000000b24a00000,0x0000000b24b00000) (1024K)]
  0x0000012c7458cc80 JavaThread "Unconstrained build operations Thread 112"        [_thread_blocked, id=42092, stack(0x0000000b24b00000,0x0000000b24c00000) (1024K)]
  0x0000012c74593580 JavaThread "Unconstrained build operations Thread 113"        [_thread_blocked, id=42016, stack(0x0000000b24c00000,0x0000000b24d00000) (1024K)]
  0x0000012c74590e20 JavaThread "Unconstrained build operations Thread 114"        [_thread_blocked, id=34548, stack(0x0000000b24d00000,0x0000000b24e00000) (1024K)]
  0x0000012c745914b0 JavaThread "Unconstrained build operations Thread 115"        [_thread_blocked, id=21004, stack(0x0000000b24e00000,0x0000000b24f00000) (1024K)]
  0x0000012c74591b40 JavaThread "Unconstrained build operations Thread 116"        [_thread_blocked, id=35012, stack(0x0000000b24f00000,0x0000000b25000000) (1024K)]
  0x0000012c74590790 JavaThread "Unconstrained build operations Thread 117"        [_thread_blocked, id=31148, stack(0x0000000b25000000,0x0000000b25100000) (1024K)]
  0x0000012c745921d0 JavaThread "Unconstrained build operations Thread 118"        [_thread_blocked, id=10036, stack(0x0000000b25100000,0x0000000b25200000) (1024K)]
  0x0000012c74592860 JavaThread "Unconstrained build operations Thread 119"        [_thread_blocked, id=41976, stack(0x0000000b25200000,0x0000000b25300000) (1024K)]
  0x0000012c74593c10 JavaThread "Unconstrained build operations Thread 120"        [_thread_blocked, id=40868, stack(0x0000000b25300000,0x0000000b25400000) (1024K)]
Total: 170

Other Threads:
=>0x0000012c6e2fe2f0 VMThread "VM Thread"                           [id=45728, stack(0x0000000b19f00000,0x0000000b1a000000) (1024K)]
  0x0000012c6e2673e0 WatcherThread "VM Periodic Task Thread"        [id=45944, stack(0x0000000b19e00000,0x0000000b19f00000) (1024K)]
  0x0000012c54004f10 WorkerThread "GC Thread#0"                     [id=39744, stack(0x0000000b19900000,0x0000000b19a00000) (1024K)]
  0x0000012c733a0af0 WorkerThread "GC Thread#1"                     [id=45384, stack(0x0000000b1ab00000,0x0000000b1ac00000) (1024K)]
  0x0000012c7319a6b0 WorkerThread "GC Thread#2"                     [id=39376, stack(0x0000000b1ac00000,0x0000000b1ad00000) (1024K)]
  0x0000012c73bb9dc0 WorkerThread "GC Thread#3"                     [id=45588, stack(0x0000000b1ad00000,0x0000000b1ae00000) (1024K)]
  0x0000012c73bb9a20 WorkerThread "GC Thread#4"                     [id=43492, stack(0x0000000b1ae00000,0x0000000b1af00000) (1024K)]
  0x0000012c73bb8800 WorkerThread "GC Thread#5"                     [id=27692, stack(0x0000000b1b900000,0x0000000b1ba00000) (1024K)]
  0x0000012c73bb8ba0 WorkerThread "GC Thread#6"                     [id=24904, stack(0x0000000b1ba00000,0x0000000b1bb00000) (1024K)]
  0x0000012c756010a0 WorkerThread "GC Thread#7"                     [id=45800, stack(0x0000000b1bb00000,0x0000000b1bc00000) (1024K)]
  0x0000012c755ff740 WorkerThread "GC Thread#8"                     [id=6056, stack(0x0000000b1bc00000,0x0000000b1bd00000) (1024K)]
  0x0000012c755fe8c0 WorkerThread "GC Thread#9"                     [id=7692, stack(0x0000000b1bd00000,0x0000000b1be00000) (1024K)]
  0x0000012c54016c40 ConcurrentGCThread "G1 Main Marker"            [id=45148, stack(0x0000000b19a00000,0x0000000b19b00000) (1024K)]
  0x0000012c54017650 WorkerThread "G1 Conc#0"                       [id=31416, stack(0x0000000b19b00000,0x0000000b19c00000) (1024K)]
  0x0000012c75600220 WorkerThread "G1 Conc#1"                       [id=35564, stack(0x0000000b1be00000,0x0000000b1bf00000) (1024K)]
  0x0000012c75601b80 WorkerThread "G1 Conc#2"                       [id=20784, stack(0x0000000b1bf00000,0x0000000b1c000000) (1024K)]
  0x0000012c6e131120 ConcurrentGCThread "G1 Refine#0"               [id=44700, stack(0x0000000b19c00000,0x0000000b19d00000) (1024K)]
  0x0000012c6e133960 ConcurrentGCThread "G1 Service"                [id=5160, stack(0x0000000b19d00000,0x0000000b19e00000) (1024K)]
Total: 18

Threads with active compile tasks:
C2 CompilerThread0  42548 10607       4       kotlin.reflect.jvm.internal.impl.protobuf.CodedInputStream::readTag (41 bytes)
Total: 1

VM state: at safepoint (normal execution)

VM Mutex/Monitor currently owned by a thread:  ([mutex/lock_event])
[0x00007ffc0f148690] Threads_lock - owner thread: 0x0000012c6e2fe2f0
[0x00007ffc0f148790] Heap_lock - owner thread: 0x0000012c54016c40

Heap address: 0x0000000700000000, size: 4096 MB, Compressed Oops mode: Zero based, Oop shift amount: 3

CDS archive(s) not mapped
Compressed class space mapped at: 0x0000000800000000-0x0000000840000000, reserved size: 1073741824
Narrow klass base: 0x0000000800000000, Narrow klass shift: 0, Narrow klass range: 0x40000000

GC Precious Log:
 CardTable entry size: 512
 Card Set container configuration: InlinePtr #cards 4 size 8 Array Of Cards #cards 16 size 48 Howl #buckets 8 coarsen threshold 3686 Howl Bitmap #cards 512 size 80 coarsen threshold 460 Card regions per heap region 1 cards per card region 4096
 CPUs: 12 total, 12 available
 Memory: 7895M
 Large Page Support: Disabled
 NUMA Support: Disabled
 Compressed Oops: Enabled (Zero based)
 Heap Region Size: 2M
 Heap Min Capacity: 8M
 Heap Initial Capacity: 124M
 Heap Max Capacity: 4G
 Pre-touch: Disabled
 Parallel Workers: 10
 Concurrent Workers: 3
 Concurrent Refinement Workers: 10
 Periodic GC: Disabled

Heap:
 garbage-first heap   total 137216K, used 87825K [0x0000000700000000, 0x0000000800000000)
  region size 2048K, 3 young (6144K), 2 survivors (4096K)
 Metaspace       used 88525K, committed 90176K, reserved 1179648K
  class space    used 12149K, committed 12992K, reserved 1048576K

Heap Regions: E=young(eden), S=young(survivor), O=old, HS=humongous(starts), HC=humongous(continues), CS=collection set, F=free, TAMS=top-at-mark-start, PB=parsable bottom
|   0|0x0000000700000000, 0x0000000700200000, 0x0000000700200000|100%|HS|  |TAMS 0x0000000700200000| PB 0x0000000700000000| Complete 
|   1|0x0000000700200000, 0x0000000700400000, 0x0000000700400000|100%|HC|  |TAMS 0x0000000700400000| PB 0x0000000700200000| Complete 
|   2|0x0000000700400000, 0x0000000700600000, 0x0000000700600000|100%| O|  |TAMS 0x0000000700600000| PB 0x0000000700600000| Untracked 
|   3|0x0000000700600000, 0x0000000700800000, 0x0000000700800000|100%| O|  |TAMS 0x0000000700800000| PB 0x0000000700800000| Untracked 
|   4|0x0000000700800000, 0x0000000700a00000, 0x0000000700a00000|100%| O|  |TAMS 0x0000000700a00000| PB 0x0000000700a00000| Untracked 
|   5|0x0000000700a00000, 0x0000000700c00000, 0x0000000700c00000|100%| O|  |TAMS 0x0000000700c00000| PB 0x0000000700c00000| Untracked 
|   6|0x0000000700c00000, 0x0000000700e00000, 0x0000000700e00000|100%| O|  |TAMS 0x0000000700e00000| PB 0x0000000700e00000| Untracked 
|   7|0x0000000700e00000, 0x0000000701000000, 0x0000000701000000|100%|HS|  |TAMS 0x0000000701000000| PB 0x0000000700e00000| Complete 
|   8|0x0000000701000000, 0x0000000701200000, 0x0000000701200000|100%|HS|  |TAMS 0x0000000701200000| PB 0x0000000701000000| Complete 
|   9|0x0000000701200000, 0x0000000701400000, 0x0000000701400000|100%| O|  |TAMS 0x0000000701400000| PB 0x0000000701400000| Updating 
|  10|0x0000000701400000, 0x0000000701600000, 0x0000000701600000|100%| O|  |TAMS 0x0000000701600000| PB 0x0000000701600000| Untracked 
|  11|0x0000000701600000, 0x0000000701800000, 0x0000000701800000|100%| O|  |TAMS 0x0000000701800000| PB 0x0000000701800000| Untracked 
|  12|0x0000000701800000, 0x0000000701a00000, 0x0000000701a00000|100%| O|  |TAMS 0x0000000701a00000| PB 0x0000000701a00000| Updating 
|  13|0x0000000701a00000, 0x0000000701c00000, 0x0000000701c00000|100%| O|  |TAMS 0x0000000701c00000| PB 0x0000000701c00000| Untracked 
|  14|0x0000000701c00000, 0x0000000701e00000, 0x0000000701e00000|100%| O|  |TAMS 0x0000000701e00000| PB 0x0000000701e00000| Untracked 
|  15|0x0000000701e00000, 0x0000000702000000, 0x0000000702000000|100%| O|  |TAMS 0x0000000702000000| PB 0x0000000702000000| Updating 
|  16|0x0000000702000000, 0x0000000702200000, 0x0000000702200000|100%| O|  |TAMS 0x0000000702200000| PB 0x0000000702200000| Untracked 
|  17|0x0000000702200000, 0x0000000702400000, 0x0000000702400000|100%| O|  |TAMS 0x0000000702400000| PB 0x0000000702400000| Updating 
|  18|0x0000000702400000, 0x0000000702600000, 0x0000000702600000|100%| O|  |TAMS 0x0000000702600000| PB 0x0000000702600000| Updating 
|  19|0x0000000702600000, 0x0000000702800000, 0x0000000702800000|100%| O|  |TAMS 0x0000000702800000| PB 0x0000000702800000| Updating 
|  20|0x0000000702800000, 0x0000000702a00000, 0x0000000702a00000|100%| O|  |TAMS 0x0000000702a00000| PB 0x0000000702a00000| Updating 
|  21|0x0000000702a00000, 0x0000000702c00000, 0x0000000702c00000|100%| O|  |TAMS 0x0000000702c00000| PB 0x0000000702c00000| Updating 
|  22|0x0000000702c00000, 0x0000000702e00000, 0x0000000702e00000|100%| O|  |TAMS 0x0000000702e00000| PB 0x0000000702e00000| Updating 
|  23|0x0000000702e00000, 0x0000000703000000, 0x0000000703000000|100%| O|  |TAMS 0x0000000703000000| PB 0x0000000703000000| Untracked 
|  24|0x0000000703000000, 0x0000000703200000, 0x0000000703200000|100%| O|  |TAMS 0x0000000703200000| PB 0x0000000703200000| Untracked 
|  25|0x0000000703200000, 0x0000000703400000, 0x0000000703400000|100%| O|  |TAMS 0x0000000703200000| PB 0x0000000703200000| Untracked 
|  26|0x0000000703400000, 0x000000070348bb00, 0x0000000703600000| 27%| O|  |TAMS 0x0000000703400000| PB 0x0000000703400000| Updating 
|  27|0x0000000703600000, 0x0000000703800000, 0x0000000703800000|100%| O|  |TAMS 0x0000000703800000| PB 0x0000000703800000| Updating 
|  28|0x0000000703800000, 0x0000000703a00000, 0x0000000703a00000|100%| O|  |TAMS 0x0000000703a00000| PB 0x0000000703a00000| Updating 
|  29|0x0000000703a00000, 0x0000000703c00000, 0x0000000703c00000|100%| O|  |TAMS 0x0000000703c00000| PB 0x0000000703c00000| Untracked 
|  30|0x0000000703c00000, 0x0000000703e00000, 0x0000000703e00000|100%| O|  |TAMS 0x0000000703e00000| PB 0x0000000703e00000| Untracked 
|  31|0x0000000703e00000, 0x0000000704000000, 0x0000000704000000|100%| O|  |TAMS 0x0000000704000000| PB 0x0000000704000000| Untracked 
|  32|0x0000000704000000, 0x0000000704200000, 0x0000000704200000|100%| O|  |TAMS 0x0000000704200000| PB 0x0000000704200000| Updating 
|  33|0x0000000704200000, 0x0000000704400000, 0x0000000704400000|100%| O|  |TAMS 0x0000000704400000| PB 0x0000000704400000| Untracked 
|  34|0x0000000704400000, 0x0000000704600000, 0x0000000704600000|100%| O|  |TAMS 0x0000000704600000| PB 0x0000000704600000| Untracked 
|  35|0x0000000704600000, 0x0000000704800000, 0x0000000704800000|100%| O|  |TAMS 0x00000007046f40a0| PB 0x00000007046f40a0| Untracked 
|  36|0x0000000704800000, 0x0000000704800000, 0x0000000704a00000|  0%| F|  |TAMS 0x0000000704800000| PB 0x0000000704800000| Untracked 
|  37|0x0000000704a00000, 0x0000000704a00000, 0x0000000704c00000|  0%| F|  |TAMS 0x0000000704a00000| PB 0x0000000704a00000| Untracked 
|  38|0x0000000704c00000, 0x0000000704c00000, 0x0000000704e00000|  0%| F|  |TAMS 0x0000000704c00000| PB 0x0000000704c00000| Untracked 
|  39|0x0000000704e00000, 0x0000000704e00000, 0x0000000705000000|  0%| F|  |TAMS 0x0000000704e00000| PB 0x0000000704e00000| Untracked 
|  40|0x0000000705000000, 0x0000000705138930, 0x0000000705200000| 61%| S|CS|TAMS 0x0000000705000000| PB 0x0000000705000000| Complete 
|  41|0x0000000705200000, 0x0000000705400000, 0x0000000705400000|100%| S|CS|TAMS 0x0000000705200000| PB 0x0000000705200000| Complete 
|  42|0x0000000705400000, 0x0000000705400000, 0x0000000705600000|  0%| F|  |TAMS 0x0000000705400000| PB 0x0000000705400000| Untracked 
|  43|0x0000000705600000, 0x0000000705600000, 0x0000000705800000|  0%| F|  |TAMS 0x0000000705600000| PB 0x0000000705600000| Untracked 
|  44|0x0000000705800000, 0x0000000705800000, 0x0000000705a00000|  0%| F|  |TAMS 0x0000000705800000| PB 0x0000000705800000| Untracked 
|  45|0x0000000705a00000, 0x0000000705a00000, 0x0000000705c00000|  0%| F|  |TAMS 0x0000000705a00000| PB 0x0000000705a00000| Untracked 
|  46|0x0000000705c00000, 0x0000000705c00000, 0x0000000705e00000|  0%| F|  |TAMS 0x0000000705c00000| PB 0x0000000705c00000| Untracked 
|  47|0x0000000705e00000, 0x0000000705e00000, 0x0000000706000000|  0%| F|  |TAMS 0x0000000705e00000| PB 0x0000000705e00000| Untracked 
|  48|0x0000000706000000, 0x0000000706000000, 0x0000000706200000|  0%| F|  |TAMS 0x0000000706000000| PB 0x0000000706000000| Untracked 
|  49|0x0000000706200000, 0x0000000706200000, 0x0000000706400000|  0%| F|  |TAMS 0x0000000706200000| PB 0x0000000706200000| Untracked 
|  50|0x0000000706400000, 0x0000000706400000, 0x0000000706600000|  0%| F|  |TAMS 0x0000000706400000| PB 0x0000000706400000| Untracked 
|  51|0x0000000706600000, 0x0000000706600000, 0x0000000706800000|  0%| F|  |TAMS 0x0000000706600000| PB 0x0000000706600000| Untracked 
|  52|0x0000000706800000, 0x0000000706800000, 0x0000000706a00000|  0%| F|  |TAMS 0x0000000706800000| PB 0x0000000706800000| Untracked 
|  53|0x0000000706a00000, 0x0000000706a00000, 0x0000000706c00000|  0%| F|  |TAMS 0x0000000706a00000| PB 0x0000000706a00000| Untracked 
|  54|0x0000000706c00000, 0x0000000706c00000, 0x0000000706e00000|  0%| F|  |TAMS 0x0000000706c00000| PB 0x0000000706c00000| Untracked 
|  55|0x0000000706e00000, 0x0000000706e00000, 0x0000000707000000|  0%| F|  |TAMS 0x0000000706e00000| PB 0x0000000706e00000| Untracked 
|  56|0x0000000707000000, 0x0000000707000000, 0x0000000707200000|  0%| F|  |TAMS 0x0000000707000000| PB 0x0000000707000000| Untracked 
|  57|0x0000000707200000, 0x0000000707200000, 0x0000000707400000|  0%| F|  |TAMS 0x0000000707200000| PB 0x0000000707200000| Untracked 
|  61|0x0000000707a00000, 0x0000000707a00000, 0x0000000707c00000|  0%| F|  |TAMS 0x0000000707a00000| PB 0x0000000707a00000| Untracked 
|2040|0x00000007ff000000, 0x00000007ff200000, 0x00000007ff200000|100%| O|  |TAMS 0x00000007ff200000| PB 0x00000007ff200000| Untracked 
|2041|0x00000007ff200000, 0x00000007ff400000, 0x00000007ff400000|100%| O|  |TAMS 0x00000007ff400000| PB 0x00000007ff400000| Updating 
|2042|0x00000007ff400000, 0x00000007ff400000, 0x00000007ff600000|  0%| F|  |TAMS 0x00000007ff400000| PB 0x00000007ff400000| Untracked 
|2043|0x00000007ff600000, 0x00000007ff665ce8, 0x00000007ff800000| 19%| E|  |TAMS 0x00000007ff600000| PB 0x00000007ff600000| Complete 
|2044|0x00000007ff800000, 0x00000007ffa00000, 0x00000007ffa00000|100%| O|  |TAMS 0x00000007ffa00000| PB 0x00000007ffa00000| Untracked 
|2045|0x00000007ffa00000, 0x00000007ffc00000, 0x00000007ffc00000|100%| O|  |TAMS 0x00000007ffc00000| PB 0x00000007ffc00000| Untracked 
|2046|0x00000007ffc00000, 0x00000007ffe00000, 0x00000007ffe00000|100%| O|  |TAMS 0x00000007ffe00000| PB 0x00000007ffe00000| Untracked 
|2047|0x00000007ffe00000, 0x0000000800000000, 0x0000000800000000|100%| O|  |TAMS 0x0000000800000000| PB 0x0000000800000000| Untracked 

Card table byte_map: [0x0000012c66e50000,0x0000012c67650000] _byte_map_base: 0x0000012c63650000

Marking Bits: (CMBitMap*) 0x0000012c54005520
 Bits: [0x0000012c67650000, 0x0000012c6b650000)

Polling page: 0x0000012c51e00000

Metaspace:

Usage:
  Non-class:     74.59 MB used.
      Class:     11.87 MB used.
       Both:     86.45 MB used.

Virtual space:
  Non-class space:      128.00 MB reserved,      75.38 MB ( 59%) committed,  2 nodes.
      Class space:        1.00 GB reserved,      12.69 MB (  1%) committed,  1 nodes.
             Both:        1.12 GB reserved,      88.06 MB (  8%) committed. 

Chunk freelists:
   Non-Class:  4.20 MB
       Class:  3.20 MB
        Both:  7.40 MB

MaxMetaspaceSize: unlimited
CompressedClassSpaceSize: 1.00 GB
Initial GC threshold: 21.00 MB
Current GC threshold: 135.25 MB
CDS: off
 - commit_granule_bytes: 65536.
 - commit_granule_words: 8192.
 - virtual_space_node_default_size: 8388608.
 - enlarge_chunks_in_place: 1.
 - use_allocation_guard: 0.


Internal statistics:

num_allocs_failed_limit: 12.
num_arena_births: 3494.
num_arena_deaths: 10.
num_vsnodes_births: 3.
num_vsnodes_deaths: 0.
num_space_committed: 1408.
num_space_uncommitted: 0.
num_chunks_returned_to_freelist: 25.
num_chunks_taken_from_freelist: 7689.
num_chunk_merges: 13.
num_chunk_splits: 4624.
num_chunks_enlarged: 2496.
num_inconsistent_stats: 0.

CodeHeap 'non-profiled nmethods': size=120000Kb used=5722Kb max_used=5886Kb free=114277Kb
 bounds [0x0000012c5ebd0000, 0x0000012c5f190000, 0x0000012c66100000]
CodeHeap 'profiled nmethods': size=120000Kb used=16443Kb max_used=17081Kb free=103556Kb
 bounds [0x0000012c57100000, 0x0000012c581b0000, 0x0000012c5e630000]
CodeHeap 'non-nmethods': size=5760Kb used=1926Kb max_used=1954Kb free=3833Kb
 bounds [0x0000012c5e630000, 0x0000012c5e8a0000, 0x0000012c5ebd0000]
CodeCache: size=245760Kb, used=24091Kb, max_used=24921Kb, free=221666Kb
 total_blobs=9666, nmethods=8865, adapters=702, full_count=0
Compilation: enabled, stopped_count=0, restarted_count=0

Compilation events (20 events):
Event: 42.260 Thread 0x0000012c6e4a6000 11042       3       java.lang.invoke.LambdaForm$MH/0x00000008000d8c00::invoke (57 bytes)
Event: 42.260 Thread 0x0000012c6e4a6000 nmethod 11042 0x0000012c581a6d10 code [0x0000012c581a6f20, 0x0000012c581a7828]
Event: 42.260 Thread 0x0000012c6e4a6000 11040   !   3       java.io.ObjectStreamClass::invokeWriteObject (79 bytes)
Event: 42.261 Thread 0x0000012c6e4a6000 nmethod 11040 0x0000012c581a7a10 code [0x0000012c581a7ce0, 0x0000012c581a8c58]
Event: 42.262 Thread 0x0000012c6e4a6000 11043       3       java.io.ObjectOutputStream::defaultWriteObject (54 bytes)
Event: 42.262 Thread 0x0000012c6e4a6000 nmethod 11043 0x0000012c581a9290 code [0x0000012c581a94c0, 0x0000012c581a9b28]
Event: 42.281 Thread 0x0000012c6e4a6000 11045   !   3       java.lang.ClassValue::initializeMap (46 bytes)
Event: 42.281 Thread 0x0000012c6e4a6000 nmethod 11045 0x0000012c581a9e10 code [0x0000012c581aa020, 0x0000012c581aa4a8]
Event: 42.281 Thread 0x0000012c6e4a6000 11047       3       java.io.ObjectStreamField::<init> (64 bytes)
Event: 42.282 Thread 0x0000012c6e4a6000 nmethod 11047 0x0000012c581aa710 code [0x0000012c581aa900, 0x0000012c581aad70]
Event: 42.282 Thread 0x0000012c6e4a6000 11048       2       java.lang.invoke.MethodHandleImpl::makePairwiseConvertByEditor (617 bytes)
Event: 42.285 Thread 0x0000012c6e4a6000 nmethod 11048 0x0000012c581aaf10 code [0x0000012c581ab420, 0x0000012c581ace70]
Event: 42.285 Thread 0x0000012c6e4a6000 11046       1       org.gradle.api.internal.provider.DefaultProperty::publicType (3 bytes)
Event: 42.285 Thread 0x0000012c6e4a6000 nmethod 11046 0x0000012c5f18af10 code [0x0000012c5f18b0a0, 0x0000012c5f18b170]
Event: 42.348 Thread 0x0000012c6e4a5430 nmethod 11031 0x0000012c5f18b210 code [0x0000012c5f18b600, 0x0000012c5f18e240]
Event: 42.348 Thread 0x0000012c6e4a5430 10696       4       kotlin.jvm.internal.Intrinsics::areEqual (22 bytes)
Event: 42.349 Thread 0x0000012c6e4a5430 nmethod 10696 0x0000012c5f18f090 code [0x0000012c5f18f220, 0x0000012c5f18f2c0]
Event: 42.349 Thread 0x0000012c6e4a5430 10556       4       kotlin.reflect.jvm.internal.impl.protobuf.CodedInputStream::readRawVarint32 (233 bytes)
Event: 42.354 Thread 0x0000012c6e4a5430 nmethod 10556 0x0000012c5f18f390 code [0x0000012c5f18f520, 0x0000012c5f18f788]
Event: 42.354 Thread 0x0000012c6e4a5430 10607       4       kotlin.reflect.jvm.internal.impl.protobuf.CodedInputStream::readTag (41 bytes)

GC Heap History (20 events):
Event: 26.558 GC heap before
{Heap before GC invocations=21 (full 0):
 garbage-first heap   total 114688K, used 101071K [0x0000000700000000, 0x0000000800000000)
  region size 2048K, 18 young (36864K), 3 survivors (6144K)
 Metaspace       used 74800K, committed 76352K, reserved 1179648K
  class space    used 10285K, committed 11072K, reserved 1048576K
}
Event: 26.573 GC heap after
{Heap after GC invocations=22 (full 0):
 garbage-first heap   total 114688K, used 74515K [0x0000000700000000, 0x0000000800000000)
  region size 2048K, 3 young (6144K), 3 survivors (6144K)
 Metaspace       used 74800K, committed 76352K, reserved 1179648K
  class space    used 10285K, committed 11072K, reserved 1048576K
}
Event: 27.601 GC heap before
{Heap before GC invocations=23 (full 0):
 garbage-first heap   total 131072K, used 99091K [0x0000000700000000, 0x0000000800000000)
  region size 2048K, 16 young (32768K), 3 survivors (6144K)
 Metaspace       used 75558K, committed 77056K, reserved 1179648K
  class space    used 10373K, committed 11136K, reserved 1048576K
}
Event: 27.609 GC heap after
{Heap after GC invocations=24 (full 0):
 garbage-first heap   total 131072K, used 75721K [0x0000000700000000, 0x0000000800000000)
  region size 2048K, 2 young (4096K), 2 survivors (4096K)
 Metaspace       used 75558K, committed 77056K, reserved 1179648K
  class space    used 10373K, committed 11136K, reserved 1048576K
}
Event: 28.631 GC heap before
{Heap before GC invocations=24 (full 0):
 garbage-first heap   total 131072K, used 114633K [0x0000000700000000, 0x0000000800000000)
  region size 2048K, 21 young (43008K), 2 survivors (4096K)
 Metaspace       used 75698K, committed 77248K, reserved 1179648K
  class space    used 10374K, committed 11136K, reserved 1048576K
}
Event: 28.640 GC heap after
{Heap after GC invocations=25 (full 0):
 garbage-first heap   total 131072K, used 75236K [0x0000000700000000, 0x0000000800000000)
  region size 2048K, 2 young (4096K), 2 survivors (4096K)
 Metaspace       used 75698K, committed 77248K, reserved 1179648K
  class space    used 10374K, committed 11136K, reserved 1048576K
}
Event: 29.676 GC heap before
{Heap before GC invocations=25 (full 0):
 garbage-first heap   total 131072K, used 114148K [0x0000000700000000, 0x0000000800000000)
  region size 2048K, 22 young (45056K), 2 survivors (4096K)
 Metaspace       used 75728K, committed 77248K, reserved 1179648K
  class space    used 10375K, committed 11136K, reserved 1048576K
}
Event: 29.683 GC heap after
{Heap after GC invocations=26 (full 0):
 garbage-first heap   total 131072K, used 76578K [0x0000000700000000, 0x0000000800000000)
  region size 2048K, 2 young (4096K), 2 survivors (4096K)
 Metaspace       used 75728K, committed 77248K, reserved 1179648K
  class space    used 10375K, committed 11136K, reserved 1048576K
}
Event: 31.239 GC heap before
{Heap before GC invocations=27 (full 0):
 garbage-first heap   total 131072K, used 115490K [0x0000000700000000, 0x0000000800000000)
  region size 2048K, 22 young (45056K), 2 survivors (4096K)
 Metaspace       used 75888K, committed 77568K, reserved 1179648K
  class space    used 10396K, committed 11264K, reserved 1048576K
}
Event: 31.247 GC heap after
{Heap after GC invocations=28 (full 0):
 garbage-first heap   total 131072K, used 78670K [0x0000000700000000, 0x0000000800000000)
  region size 2048K, 3 young (6144K), 3 survivors (6144K)
 Metaspace       used 75888K, committed 77568K, reserved 1179648K
  class space    used 10396K, committed 11264K, reserved 1048576K
}
Event: 32.956 GC heap before
{Heap before GC invocations=28 (full 0):
 garbage-first heap   total 131072K, used 113486K [0x0000000700000000, 0x0000000800000000)
  region size 2048K, 21 young (43008K), 3 survivors (6144K)
 Metaspace       used 77517K, committed 79168K, reserved 1179648K
  class space    used 10615K, committed 11456K, reserved 1048576K
}
Event: 32.985 GC heap after
{Heap after GC invocations=29 (full 0):
 garbage-first heap   total 131072K, used 78709K [0x0000000700000000, 0x0000000800000000)
  region size 2048K, 2 young (4096K), 2 survivors (4096K)
 Metaspace       used 77517K, committed 79168K, reserved 1179648K
  class space    used 10615K, committed 11456K, reserved 1048576K
}
Event: 36.042 GC heap before
{Heap before GC invocations=29 (full 0):
 garbage-first heap   total 131072K, used 117621K [0x0000000700000000, 0x0000000800000000)
  region size 2048K, 21 young (43008K), 2 survivors (4096K)
 Metaspace       used 81398K, committed 83072K, reserved 1179648K
  class space    used 11190K, committed 12032K, reserved 1048576K
}
Event: 36.050 GC heap after
{Heap after GC invocations=30 (full 0):
 garbage-first heap   total 131072K, used 80457K [0x0000000700000000, 0x0000000800000000)
  region size 2048K, 1 young (2048K), 1 survivors (2048K)
 Metaspace       used 81398K, committed 83072K, reserved 1179648K
  class space    used 11190K, committed 12032K, reserved 1048576K
}
Event: 38.805 GC heap before
{Heap before GC invocations=31 (full 0):
 garbage-first heap   total 137216K, used 117321K [0x0000000700000000, 0x0000000800000000)
  region size 2048K, 20 young (40960K), 1 survivors (2048K)
 Metaspace       used 81667K, committed 83392K, reserved 1179648K
  class space    used 11234K, committed 12096K, reserved 1048576K
}
Event: 38.813 GC heap after
{Heap after GC invocations=32 (full 0):
 garbage-first heap   total 137216K, used 84257K [0x0000000700000000, 0x0000000800000000)
  region size 2048K, 3 young (6144K), 3 survivors (6144K)
 Metaspace       used 81667K, committed 83392K, reserved 1179648K
  class space    used 11234K, committed 12096K, reserved 1048576K
}
Event: 40.826 GC heap before
{Heap before GC invocations=32 (full 0):
 garbage-first heap   total 137216K, used 121121K [0x0000000700000000, 0x0000000800000000)
  region size 2048K, 22 young (45056K), 3 survivors (6144K)
 Metaspace       used 84326K, committed 85952K, reserved 1179648K
  class space    used 11634K, committed 12480K, reserved 1048576K
}
Event: 40.842 GC heap after
{Heap after GC invocations=33 (full 0):
 garbage-first heap   total 137216K, used 84454K [0x0000000700000000, 0x0000000800000000)
  region size 2048K, 2 young (4096K), 2 survivors (4096K)
 Metaspace       used 84326K, committed 85952K, reserved 1179648K
  class space    used 11634K, committed 12480K, reserved 1048576K
}
Event: 42.289 GC heap before
{Heap before GC invocations=33 (full 0):
 garbage-first heap   total 137216K, used 123366K [0x0000000700000000, 0x0000000800000000)
  region size 2048K, 21 young (43008K), 2 survivors (4096K)
 Metaspace       used 88520K, committed 90176K, reserved 1179648K
  class space    used 12149K, committed 12992K, reserved 1048576K
}
Event: 42.300 GC heap after
{Heap after GC invocations=34 (full 0):
 garbage-first heap   total 137216K, used 87825K [0x0000000700000000, 0x0000000800000000)
  region size 2048K, 2 young (4096K), 2 survivors (4096K)
 Metaspace       used 88520K, committed 90176K, reserved 1179648K
  class space    used 12149K, committed 12992K, reserved 1048576K
}

Dll operation events (3 events):
Event: 0.049 Loaded shared library C:\Program Files\Android\Android Studio\jbr\bin\java.dll
Event: 0.058 Loaded shared library C:\Program Files\Android\Android Studio\jbr\bin\zip.dll
Event: 0.627 Loaded shared library C:\Program Files\Android\Android Studio\jbr\bin\verify.dll

Deoptimization events (20 events):
Event: 42.144 Thread 0x0000012c77da4f00 DEOPT PACKING pc=0x0000012c5ec6dfdc sp=0x0000000b1cff9ec0
Event: 42.144 Thread 0x0000012c77da4f00 DEOPT UNPACKING pc=0x0000012c5e684422 sp=0x0000000b1cff9dc8 mode 2
Event: 42.144 Thread 0x0000012c77da4f00 Uncommon trap: trap_request=0xffffff45 fr.pc=0x0000012c5ebdf4d4 relative=0x0000000000000234
Event: 42.144 Thread 0x0000012c77da4f00 Uncommon trap: reason=unstable_if action=reinterpret pc=0x0000012c5ebdf4d4 method=sun.security.provider.SHA2.implReset()V @ 8 c2
Event: 42.144 Thread 0x0000012c77da4f00 DEOPT PACKING pc=0x0000012c5ebdf4d4 sp=0x0000000b1cff9e00
Event: 42.144 Thread 0x0000012c77da4f00 DEOPT UNPACKING pc=0x0000012c5e684422 sp=0x0000000b1cff9dc0 mode 2
Event: 42.144 Thread 0x0000012c77da4f00 Uncommon trap: trap_request=0xffffff45 fr.pc=0x0000012c5ec275b4 relative=0x00000000000007b4
Event: 42.144 Thread 0x0000012c77da4f00 Uncommon trap: reason=unstable_if action=reinterpret pc=0x0000012c5ec275b4 method=sun.security.provider.SHA2.implReset()V @ 8 c2
Event: 42.144 Thread 0x0000012c77da4f00 DEOPT PACKING pc=0x0000012c5ec275b4 sp=0x0000000b1cffa0b0
Event: 42.144 Thread 0x0000012c77da4f00 DEOPT UNPACKING pc=0x0000012c5e684422 sp=0x0000000b1cff9ef8 mode 2
Event: 42.144 Thread 0x0000012c77da4f00 Uncommon trap: trap_request=0xffffff45 fr.pc=0x0000012c5ec2d41c relative=0x000000000000089c
Event: 42.144 Thread 0x0000012c77da4f00 Uncommon trap: reason=unstable_if action=reinterpret pc=0x0000012c5ec2d41c method=sun.security.provider.SHA2.implReset()V @ 8 c2
Event: 42.144 Thread 0x0000012c77da4f00 DEOPT PACKING pc=0x0000012c5ec2d41c sp=0x0000000b1cffa040
Event: 42.144 Thread 0x0000012c77da4f00 DEOPT UNPACKING pc=0x0000012c5e684422 sp=0x0000000b1cff9ef0 mode 2
Event: 42.173 Thread 0x0000012c73e18290 Uncommon trap: trap_request=0xffffff45 fr.pc=0x0000012c5f0d9a78 relative=0x00000000000008f8
Event: 42.173 Thread 0x0000012c73e18290 Uncommon trap: reason=unstable_if action=reinterpret pc=0x0000012c5f0d9a78 method=org.gradle.internal.file.FileHierarchySet$Node.isChildOfOrThis(Ljava/lang/String;I)Z @ 7 c2
Event: 42.173 Thread 0x0000012c73e18290 DEOPT PACKING pc=0x0000012c5f0d9a78 sp=0x0000000b1c7ff020
Event: 42.173 Thread 0x0000012c73e18290 DEOPT UNPACKING pc=0x0000012c5e684422 sp=0x0000000b1c7fef48 mode 2
Event: 42.186 Thread 0x0000012c77da4f00 DEOPT PACKING pc=0x0000012c581a242e sp=0x0000000b1cff9240
Event: 42.186 Thread 0x0000012c77da4f00 DEOPT UNPACKING pc=0x0000012c5e684bc2 sp=0x0000000b1cff8788 mode 0

Classes loaded (20 events):
Event: 39.443 Loading class java/util/stream/SortedOps$AbstractRefSortingSink done
Event: 39.443 Loading class java/util/stream/SortedOps$SizedRefSortingSink done
Event: 39.444 Loading class java/util/LinkedList$LLSpliterator
Event: 39.454 Loading class java/util/LinkedList$LLSpliterator done
Event: 40.978 Loading class java/lang/Override
Event: 40.978 Loading class java/lang/Override done
Event: 41.110 Loading class java/net/SocketTimeoutException
Event: 41.111 Loading class java/net/SocketTimeoutException done
Event: 41.707 Loading class java/io/NotSerializableException
Event: 41.709 Loading class java/io/NotSerializableException done
Event: 42.087 Loading class sun/invoke/util/ValueConversions$1
Event: 42.088 Loading class sun/invoke/util/ValueConversions$1 done
Event: 42.089 Loading class java/lang/invoke/BoundMethodHandle$Species_LI
Event: 42.089 Loading class java/lang/invoke/BoundMethodHandle$Species_LI done
Event: 42.132 Loading class java/nio/file/TempFileHelper
Event: 42.135 Loading class java/nio/file/TempFileHelper done
Event: 42.151 Loading class java/io/DeleteOnExitHook
Event: 42.153 Loading class java/io/DeleteOnExitHook done
Event: 42.154 Loading class java/io/DeleteOnExitHook$1
Event: 42.154 Loading class java/io/DeleteOnExitHook$1 done

Classes unloaded (5 events):
Event: 29.731 Thread 0x0000012c6e2fe2f0 Unloading class 0x0000000800ab8400 'java/lang/invoke/LambdaForm$DMH+0x0000000800ab8400'
Event: 29.731 Thread 0x0000012c6e2fe2f0 Unloading class 0x0000000800a60400 'java/lang/invoke/LambdaForm$DMH+0x0000000800a60400'
Event: 29.731 Thread 0x0000012c6e2fe2f0 Unloading class 0x0000000800a11400 'java/lang/invoke/LambdaForm$MH+0x0000000800a11400'
Event: 29.731 Thread 0x0000012c6e2fe2f0 Unloading class 0x0000000800a11000 'java/lang/invoke/LambdaForm$DMH+0x0000000800a11000'
Event: 29.731 Thread 0x0000012c6e2fe2f0 Unloading class 0x0000000800a10400 'java/lang/invoke/LambdaForm$DMH+0x0000000800a10400'

Classes redefined (0 events):
No events

Internal exceptions (20 events):
Event: 42.205 Thread 0x0000012c77da4f00 Exception <a 'sun/nio/fs/WindowsException'{0x00000007057e21f8}> (0x00000007057e21f8) 
thrown [s\src\hotspot\share\prims\jni.cpp, line 537]
Event: 42.211 Thread 0x0000012c77da4f00 Exception <a 'sun/nio/fs/WindowsException'{0x00000007057f47e0}> (0x00000007057f47e0) 
thrown [s\src\hotspot\share\prims\jni.cpp, line 537]
Event: 42.211 Thread 0x0000012c77da4f00 Exception <a 'sun/nio/fs/WindowsException'{0x00000007057f60f8}> (0x00000007057f60f8) 
thrown [s\src\hotspot\share\prims\jni.cpp, line 537]
Event: 42.214 Thread 0x0000012c77da4f00 Exception <a 'sun/nio/fs/WindowsException'{0x0000000705405700}> (0x0000000705405700) 
thrown [s\src\hotspot\share\prims\jni.cpp, line 537]
Event: 42.214 Thread 0x0000012c77da4f00 Exception <a 'sun/nio/fs/WindowsException'{0x0000000705407378}> (0x0000000705407378) 
thrown [s\src\hotspot\share\prims\jni.cpp, line 537]
Event: 42.251 Thread 0x0000012c77da4f00 Exception <a 'java/lang/NoSuchMethodError'{0x00000007054edbc0}: static Lorg/jetbrains/kotlin/buildtools/api/SourcesChanges$Known;.<clinit>()V> (0x00000007054edbc0) 
thrown [s\src\hotspot\share\prims\jni.cpp, line 1144]
Event: 42.256 Thread 0x0000012c77da4f00 Exception <a 'java/lang/NoSuchMethodError'{0x0000000705537450}: static Lorg/jetbrains/kotlin/incremental/ClasspathChanges$ClasspathSnapshotEnabled$IncrementalRun$NoChanges;.<clinit>()V> (0x0000000705537450) 
thrown [s\src\hotspot\share\prims\jni.cpp, line 1144]
Event: 42.256 Thread 0x0000012c77da4f00 Exception <a 'java/lang/NoSuchMethodError'{0x0000000705539598}: static Lorg/jetbrains/kotlin/incremental/ClasspathChanges$ClasspathSnapshotEnabled$IncrementalRun;.<clinit>()V> (0x0000000705539598) 
thrown [s\src\hotspot\share\prims\jni.cpp, line 1144]
Event: 42.256 Thread 0x0000012c77da4f00 Exception <a 'java/lang/NoSuchMethodError'{0x000000070553b0c0}: static Lorg/jetbrains/kotlin/incremental/ClasspathChanges$ClasspathSnapshotEnabled;.<clinit>()V> (0x000000070553b0c0) 
thrown [s\src\hotspot\share\prims\jni.cpp, line 1144]
Event: 42.256 Thread 0x0000012c77da4f00 Exception <a 'java/lang/NoSuchMethodError'{0x000000070553cf10}: static Lorg/jetbrains/kotlin/incremental/ClasspathChanges;.<clinit>()V> (0x000000070553cf10) 
thrown [s\src\hotspot\share\prims\jni.cpp, line 1144]
Event: 42.264 Thread 0x0000012c77da4f00 Exception <a 'sun/nio/fs/WindowsException'{0x0000000705589e80}> (0x0000000705589e80) 
thrown [s\src\hotspot\share\prims\jni.cpp, line 537]
Event: 42.265 Thread 0x0000012c77da4f00 Exception <a 'sun/nio/fs/WindowsException'{0x000000070558bb90}> (0x000000070558bb90) 
thrown [s\src\hotspot\share\prims\jni.cpp, line 537]
Event: 42.272 Thread 0x0000012c77da4f00 Exception <a 'sun/nio/fs/WindowsException'{0x000000070559c088}> (0x000000070559c088) 
thrown [s\src\hotspot\share\prims\jni.cpp, line 537]
Event: 42.272 Thread 0x0000012c77da4f00 Exception <a 'sun/nio/fs/WindowsException'{0x000000070559dd98}> (0x000000070559dd98) 
thrown [s\src\hotspot\share\prims\jni.cpp, line 537]
Event: 42.275 Thread 0x0000012c77da4f00 Exception <a 'sun/nio/fs/WindowsException'{0x00000007055af180}> (0x00000007055af180) 
thrown [s\src\hotspot\share\prims\jni.cpp, line 537]
Event: 42.275 Thread 0x0000012c77da4f00 Exception <a 'sun/nio/fs/WindowsException'{0x00000007055b0e90}> (0x00000007055b0e90) 
thrown [s\src\hotspot\share\prims\jni.cpp, line 537]
Event: 42.282 Thread 0x0000012c77da4f00 Exception <a 'sun/nio/fs/WindowsException'{0x00000007055ddd78}> (0x00000007055ddd78) 
thrown [s\src\hotspot\share\prims\jni.cpp, line 537]
Event: 42.282 Thread 0x0000012c77da4f00 Exception <a 'sun/nio/fs/WindowsException'{0x00000007055dfa90}> (0x00000007055dfa90) 
thrown [s\src\hotspot\share\prims\jni.cpp, line 537]
Event: 42.286 Thread 0x0000012c77da4f00 Exception <a 'sun/nio/fs/WindowsException'{0x00000007055f8c10}> (0x00000007055f8c10) 
thrown [s\src\hotspot\share\prims\jni.cpp, line 537]
Event: 42.287 Thread 0x0000012c77da4f00 Exception <a 'sun/nio/fs/WindowsException'{0x00000007055fa908}> (0x00000007055fa908) 
thrown [s\src\hotspot\share\prims\jni.cpp, line 537]

ZGC Phase Switch (0 events):
No events

VM Operations (20 events):
Event: 36.150 Executing VM operation: G1PauseCleanup done
Event: 37.154 Executing VM operation: Cleanup
Event: 37.170 Executing VM operation: Cleanup done
Event: 38.174 Executing VM operation: Cleanup
Event: 38.190 Executing VM operation: Cleanup done
Event: 38.804 Executing VM operation: G1CollectForAllocation (G1 Evacuation Pause)
Event: 38.813 Executing VM operation: G1CollectForAllocation (G1 Evacuation Pause) done
Event: 39.819 Executing VM operation: Cleanup
Event: 39.819 Executing VM operation: Cleanup done
Event: 40.079 Executing VM operation: HandshakeAllThreads (Deoptimize)
Event: 40.079 Executing VM operation: HandshakeAllThreads (Deoptimize) done
Event: 40.826 Executing VM operation: G1CollectForAllocation (G1 Evacuation Pause)
Event: 40.842 Executing VM operation: G1CollectForAllocation (G1 Evacuation Pause) done
Event: 41.113 Executing VM operation: HandshakeAllThreads (Deoptimize)
Event: 41.113 Executing VM operation: HandshakeAllThreads (Deoptimize) done
Event: 42.124 Executing VM operation: Cleanup
Event: 42.125 Executing VM operation: Cleanup done
Event: 42.289 Executing VM operation: G1CollectForAllocation (G1 Evacuation Pause)
Event: 42.300 Executing VM operation: G1CollectForAllocation (G1 Evacuation Pause) done
Event: 42.362 Executing VM operation: G1PauseRemark

Memory protections (0 events):
No events

Nmethod flushes (20 events):
Event: 42.370 Thread 0x0000012c6e2fe2f0 flushing  nmethod 0x0000012c57bafe10
Event: 42.370 Thread 0x0000012c6e2fe2f0 flushing  nmethod 0x0000012c57bb2d10
Event: 42.370 Thread 0x0000012c6e2fe2f0 flushing  nmethod 0x0000012c57be5e90
Event: 42.370 Thread 0x0000012c6e2fe2f0 flushing  nmethod 0x0000012c57d27190
Event: 42.370 Thread 0x0000012c6e2fe2f0 flushing  nmethod 0x0000012c57d67410
Event: 42.370 Thread 0x0000012c6e2fe2f0 flushing  nmethod 0x0000012c57df8c90
Event: 42.370 Thread 0x0000012c6e2fe2f0 flushing  nmethod 0x0000012c57ed4d90
Event: 42.370 Thread 0x0000012c6e2fe2f0 flushing  nmethod 0x0000012c57ef7890
Event: 42.370 Thread 0x0000012c6e2fe2f0 flushing  nmethod 0x0000012c57f02590
Event: 42.370 Thread 0x0000012c6e2fe2f0 flushing  nmethod 0x0000012c57fa2d90
Event: 42.370 Thread 0x0000012c6e2fe2f0 flushing  nmethod 0x0000012c5803ef10
Event: 42.370 Thread 0x0000012c6e2fe2f0 flushing  nmethod 0x0000012c57b80a90
Event: 42.370 Thread 0x0000012c6e2fe2f0 flushing  nmethod 0x0000012c57c7b110
Event: 42.370 Thread 0x0000012c6e2fe2f0 flushing  nmethod 0x0000012c57d5fc90
Event: 42.370 Thread 0x0000012c6e2fe2f0 flushing  nmethod 0x0000012c57e33710
Event: 42.370 Thread 0x0000012c6e2fe2f0 flushing  nmethod 0x0000012c57e5f090
Event: 42.370 Thread 0x0000012c6e2fe2f0 flushing  nmethod 0x0000012c57e9f310
Event: 42.370 Thread 0x0000012c6e2fe2f0 flushing  nmethod 0x0000012c57edd310
Event: 42.370 Thread 0x0000012c6e2fe2f0 flushing  nmethod 0x0000012c57f27390
Event: 42.370 Thread 0x0000012c6e2fe2f0 flushing  nmethod 0x0000012c57f29e90

Events (20 events):
Event: 33.634 Thread 0x0000012c6e4a5430 Thread added: 0x0000012c739922f0
Event: 33.810 Thread 0x0000012c739922f0 Thread exited: 0x0000012c739922f0
Event: 36.334 Thread 0x0000012c77da4f00 Thread added: 0x0000012c7458d9a0
Event: 36.367 Thread 0x0000012c77da4f00 Thread added: 0x0000012c7458c5f0
Event: 36.368 Thread 0x0000012c77da4f00 Thread added: 0x0000012c7458f3e0
Event: 36.368 Thread 0x0000012c77da4f00 Thread added: 0x0000012c7458e030
Event: 36.369 Thread 0x0000012c77da4f00 Thread added: 0x0000012c7458fa70
Event: 36.369 Thread 0x0000012c77da4f00 Thread added: 0x0000012c7458e6c0
Event: 36.369 Thread 0x0000012c77da4f00 Thread added: 0x0000012c74590100
Event: 36.370 Thread 0x0000012c77da4f00 Thread added: 0x0000012c7458d310
Event: 36.374 Thread 0x0000012c77da4f00 Thread added: 0x0000012c7458ed50
Event: 36.377 Thread 0x0000012c77da4f00 Thread added: 0x0000012c7458cc80
Event: 36.378 Thread 0x0000012c77da4f00 Thread added: 0x0000012c74593580
Event: 36.381 Thread 0x0000012c77da4f00 Thread added: 0x0000012c74590e20
Event: 37.136 Thread 0x0000012c77da4f00 Thread added: 0x0000012c745914b0
Event: 37.136 Thread 0x0000012c77da4f00 Thread added: 0x0000012c74591b40
Event: 37.137 Thread 0x0000012c77da4f00 Thread added: 0x0000012c74590790
Event: 37.148 Thread 0x0000012c77da4f00 Thread added: 0x0000012c745921d0
Event: 37.149 Thread 0x0000012c77da4f00 Thread added: 0x0000012c74592860
Event: 37.149 Thread 0x0000012c77da4f00 Thread added: 0x0000012c74593c10


Dynamic libraries:
0x00007ff7087a0000 - 0x00007ff7087aa000 	C:\Program Files\Android\Android Studio\jbr\bin\java.exe
0x00007ffd06640000 - 0x00007ffd068a7000 	C:\WINDOWS\SYSTEM32\ntdll.dll
0x00007ffd05c60000 - 0x00007ffd05d29000 	C:\WINDOWS\System32\KERNEL32.DLL
0x00007ffd03150000 - 0x00007ffd03541000 	C:\WINDOWS\System32\KERNELBASE.dll
0x00007ffd03600000 - 0x00007ffd0374b000 	C:\WINDOWS\System32\ucrtbase.dll
0x00007ffcd1e30000 - 0x00007ffcd1e4b000 	C:\Program Files\Android\Android Studio\jbr\bin\VCRUNTIME140.dll
0x00007ffca1ea0000 - 0x00007ffca1eb8000 	C:\Program Files\Android\Android Studio\jbr\bin\jli.dll
0x00007ffd05d30000 - 0x00007ffd05ef5000 	C:\WINDOWS\System32\USER32.dll
0x00007ffd043b0000 - 0x00007ffd043d7000 	C:\WINDOWS\System32\win32u.dll
0x00007ffd04430000 - 0x00007ffd0445b000 	C:\WINDOWS\System32\GDI32.dll
0x00007ffce34d0000 - 0x00007ffce3763000 	C:\WINDOWS\WinSxS\amd64_microsoft.windows.common-controls_6595b64144ccf1df_6.0.26100.8037_none_3e092faae333b53b\COMCTL32.dll
0x00007ffd04280000 - 0x00007ffd043ab000 	C:\WINDOWS\System32\gdi32full.dll
0x00007ffd05f10000 - 0x00007ffd05fb9000 	C:\WINDOWS\System32\msvcrt.dll
0x00007ffd03550000 - 0x00007ffd035f3000 	C:\WINDOWS\System32\msvcp_win.dll
0x00007ffd05c20000 - 0x00007ffd05c51000 	C:\WINDOWS\System32\IMM32.DLL
0x00007ffcfd110000 - 0x00007ffcfd11c000 	C:\Program Files\Android\Android Studio\jbr\bin\vcruntime140_1.dll
0x00007ffc39dc0000 - 0x00007ffc39e4d000 	C:\Program Files\Android\Android Studio\jbr\bin\msvcp140.dll
0x00007ffc0e590000 - 0x00007ffc0f226000 	C:\Program Files\Android\Android Studio\jbr\bin\server\jvm.dll
0x00007ffd04b70000 - 0x00007ffd04c2b000 	C:\WINDOWS\System32\ADVAPI32.dll
0x00007ffd06410000 - 0x00007ffd064b7000 	C:\WINDOWS\System32\sechost.dll
0x00007ffd04690000 - 0x00007ffd047a8000 	C:\WINDOWS\System32\RPCRT4.dll
0x00007ffd05ff0000 - 0x00007ffd06064000 	C:\WINDOWS\System32\WS2_32.dll
0x00007ffd01b20000 - 0x00007ffd01b7e000 	C:\WINDOWS\SYSTEM32\POWRPROF.dll
0x00007ffcf4d70000 - 0x00007ffcf4da5000 	C:\WINDOWS\SYSTEM32\WINMM.dll
0x00007ffcf79e0000 - 0x00007ffcf79eb000 	C:\WINDOWS\SYSTEM32\VERSION.dll
0x00007ffd01b00000 - 0x00007ffd01b14000 	C:\WINDOWS\SYSTEM32\UMPDC.dll
0x00007ffd01dd0000 - 0x00007ffd01deb000 	C:\WINDOWS\SYSTEM32\kernel.appcore.dll
0x00007ffcc7bc0000 - 0x00007ffcc7bca000 	C:\Program Files\Android\Android Studio\jbr\bin\jimage.dll
0x00007ffd00ab0000 - 0x00007ffd00cf2000 	C:\WINDOWS\SYSTEM32\DBGHELP.DLL
0x00007ffd06070000 - 0x00007ffd063f2000 	C:\WINDOWS\System32\combase.dll
0x00007ffd04a90000 - 0x00007ffd04b67000 	C:\WINDOWS\System32\OLEAUT32.dll
0x00007ffcc7420000 - 0x00007ffcc745b000 	C:\WINDOWS\SYSTEM32\dbgcore.DLL
0x00007ffd038d0000 - 0x00007ffd03975000 	C:\WINDOWS\System32\bcryptPrimitives.dll
0x00007ffca22e0000 - 0x00007ffca22ee000 	C:\Program Files\Android\Android Studio\jbr\bin\instrument.dll
0x00007ffcc7ba0000 - 0x00007ffcc7bc0000 	C:\Program Files\Android\Android Studio\jbr\bin\java.dll
0x00007ffcc7ac0000 - 0x00007ffcc7ad8000 	C:\Program Files\Android\Android Studio\jbr\bin\zip.dll
0x00007ffd04c30000 - 0x00007ffd0538f000 	C:\WINDOWS\System32\SHELL32.dll
0x00007ffd02f20000 - 0x00007ffd0308a000 	C:\WINDOWS\System32\wintypes.dll
0x00007ffd03a10000 - 0x00007ffd04274000 	C:\WINDOWS\System32\windows.storage.dll
0x00007ffd04990000 - 0x00007ffd04a87000 	C:\WINDOWS\System32\SHCORE.dll
0x00007ffd05520000 - 0x00007ffd05587000 	C:\WINDOWS\System32\shlwapi.dll
0x00007ffd02e40000 - 0x00007ffd02e69000 	C:\WINDOWS\SYSTEM32\profapi.dll
0x00007ffcc7a60000 - 0x00007ffcc7a70000 	C:\Program Files\Android\Android Studio\jbr\bin\net.dll
0x00007ffcf8690000 - 0x00007ffcf87b7000 	C:\WINDOWS\SYSTEM32\WINHTTP.dll
0x00007ffd02340000 - 0x00007ffd023ab000 	C:\WINDOWS\system32\mswsock.dll
0x00007ffcc7a40000 - 0x00007ffcc7a56000 	C:\Program Files\Android\Android Studio\jbr\bin\nio.dll
0x00007ffcc7a30000 - 0x00007ffcc7a40000 	C:\Program Files\Android\Android Studio\jbr\bin\verify.dll
0x00007ffcf18a0000 - 0x00007ffcf18c7000 	C:\Users\ACER\.gradle\native\1def1411415f61bf3af743bc5b6707747c0891f09f0c88961ee8f79bc544acac\windows-amd64\native-platform.dll
0x00007ffc1db40000 - 0x00007ffc1dbb8000 	C:\Users\ACER\.gradle\native\0.2.7\x86_64-windows-gnu\gradle-fileevents.dll
0x00007ffcc7a10000 - 0x00007ffcc7a19000 	C:\Program Files\Android\Android Studio\jbr\bin\management.dll
0x00007ffcc7990000 - 0x00007ffcc799b000 	C:\Program Files\Android\Android Studio\jbr\bin\management_ext.dll
0x00007ffd06400000 - 0x00007ffd06408000 	C:\WINDOWS\System32\PSAPI.DLL
0x00007ffd01760000 - 0x00007ffd01793000 	C:\WINDOWS\SYSTEM32\IPHLPAPI.DLL
0x00007ffd05f00000 - 0x00007ffd05f0a000 	C:\WINDOWS\System32\NSI.dll
0x00007ffcc7a20000 - 0x00007ffcc7a29000 	C:\Program Files\Android\Android Studio\jbr\bin\extnet.dll
0x00007ffd02620000 - 0x00007ffd0263b000 	C:\WINDOWS\SYSTEM32\CRYPTSP.dll
0x00007ffd01d30000 - 0x00007ffd01d69000 	C:\WINDOWS\system32\rsaenh.dll
0x00007ffd023f0000 - 0x00007ffd02422000 	C:\WINDOWS\SYSTEM32\USERENV.dll
0x00007ffd02e10000 - 0x00007ffd02e3a000 	C:\WINDOWS\SYSTEM32\bcrypt.dll
0x00007ffd02640000 - 0x00007ffd0264c000 	C:\WINDOWS\SYSTEM32\CRYPTBASE.dll
0x00007ffcc8ed0000 - 0x00007ffcc8ed8000 	C:\WINDOWS\system32\wshunix.dll

JVMTI agents:
C:\Users\ACER\.gradle\wrapper\dists\gradle-8.14.3-bin\cv11ve7ro1n3o1j4so8xd9n66\gradle-8.14.3\lib\agents\gradle-instrumentation-agent-8.14.3.jar path:C:\Program Files\Android\Android Studio\jbr\bin\instrument.dll, loaded, initialized, instrumentlib options:none

dbghelp: loaded successfully - version: 4.0.5 - missing functions: none
symbol engine: initialized successfully - sym options: 0x614 - pdb path: .;C:\Program Files\Android\Android Studio\jbr\bin;C:\WINDOWS\SYSTEM32;C:\WINDOWS\WinSxS\amd64_microsoft.windows.common-controls_6595b64144ccf1df_6.0.26100.8037_none_3e092faae333b53b;C:\Program Files\Android\Android Studio\jbr\bin\server;C:\Users\ACER\.gradle\native\1def1411415f61bf3af743bc5b6707747c0891f09f0c88961ee8f79bc544acac\windows-amd64;C:\Users\ACER\.gradle\native\0.2.7\x86_64-windows-gnu

VM Arguments:
jvm_args: --add-opens=java.base/java.lang=ALL-UNNAMED --add-opens=java.base/java.lang.invoke=ALL-UNNAMED --add-opens=java.base/java.util=ALL-UNNAMED --add-opens=java.prefs/java.util.prefs=ALL-UNNAMED --add-exports=jdk.compiler/com.sun.tools.javac.api=ALL-UNNAMED --add-exports=jdk.compiler/com.sun.tools.javac.util=ALL-UNNAMED --add-opens=java.base/java.util=ALL-UNNAMED --add-opens=java.prefs/java.util.prefs=ALL-UNNAMED --add-opens=java.base/java.nio.charset=ALL-UNNAMED --add-opens=java.base/java.net=ALL-UNNAMED --add-opens=java.base/java.util.concurrent.atomic=ALL-UNNAMED --add-opens=java.xml/javax.xml.namespace=ALL-UNNAMED -Xmx4096M -Dfile.encoding=UTF-8 -Duser.country=ID -Duser.language=en -Duser.variant -javaagent:C:\Users\ACER\.gradle\wrapper\dists\gradle-8.14.3-bin\cv11ve7ro1n3o1j4so8xd9n66\gradle-8.14.3\lib\agents\gradle-instrumentation-agent-8.14.3.jar 
java_command: org.gradle.launcher.daemon.bootstrap.GradleDaemon 8.14.3
java_class_path (initial): C:\Users\ACER\.gradle\wrapper\dists\gradle-8.14.3-bin\cv11ve7ro1n3o1j4so8xd9n66\gradle-8.14.3\lib\gradle-daemon-main-8.14.3.jar
Launcher Type: SUN_STANDARD

[Global flags]
     intx CICompilerCount                          = 4                                         {product} {ergonomic}
     uint ConcGCThreads                            = 3                                         {product} {ergonomic}
     uint G1ConcRefinementThreads                  = 10                                        {product} {ergonomic}
   size_t G1HeapRegionSize                         = 2097152                                   {product} {ergonomic}
    uintx GCDrainStackTargetSize                   = 64                                        {product} {ergonomic}
   size_t InitialHeapSize                          = 130023424                                 {product} {ergonomic}
   size_t MarkStackSize                            = 4194304                                   {product} {ergonomic}
   size_t MaxHeapSize                              = 4294967296                                {product} {command line}
   size_t MaxNewSize                               = 2575302656                                {product} {ergonomic}
   size_t MinHeapDeltaBytes                        = 2097152                                   {product} {ergonomic}
   size_t MinHeapSize                              = 8388608                                   {product} {ergonomic}
    uintx NonNMethodCodeHeapSize                   = 5839372                                {pd product} {ergonomic}
    uintx NonProfiledCodeHeapSize                  = 122909434                              {pd product} {ergonomic}
    uintx ProfiledCodeHeapSize                     = 122909434                              {pd product} {ergonomic}
    uintx ReservedCodeCacheSize                    = 251658240                              {pd product} {ergonomic}
     bool SegmentedCodeCache                       = true                                      {product} {ergonomic}
   size_t SoftMaxHeapSize                          = 4294967296                             {manageable} {ergonomic}
     bool UseCompressedOops                        = true                           {product lp64_product} {ergonomic}
     bool UseG1GC                                  = true                                      {product} {ergonomic}
     bool UseLargePagesIndividualAllocation        = false                                  {pd product} {ergonomic}

Logging:
Log output configuration:
 #0: stdout all=warning uptime,level,tags foldmultilines=false
 #1: stderr all=off uptime,level,tags foldmultilines=false

Release file:
JAVA_VERSION="21.0.9" 
MODULES="java.base java.compiler java.datatransfer java.xml java.prefs java.desktop java.instrument java.logging java.management java.security.sasl java.naming java.rmi java.management.rmi java.net.http java.scripting java.security.jgss java.transaction.xa java.sql java.sql.rowset java.xml.crypto java.se java.smartcardio jdk.accessibility jdk.internal.jvmstat jdk.attach jdk.charsets jdk.internal.opt jdk.zipfs jdk.compiler jdk.crypto.ec jdk.crypto.cryptoki jdk.dynalink jdk.hotspot.agent jdk.httpserver jdk.internal.ed jdk.internal.le jdk.internal.vm.ci jdk.jartool jdk.javadoc jdk.jcmd jdk.jdeps jdk.jdwp.agent jdk.jdi jdk.jfr jdk.jlink jdk.jsobject jdk.localedata jdk.management jdk.management.agent jdk.management.jfr jdk.naming.dns jdk.naming.rmi jdk.net jdk.sctp jdk.security.auth jdk.security.jgss jdk.unsupported jdk.unsupported.desktop jdk.xml.dom" 
IMPLEMENTOR="JetBrains s.r.o." 
JAVA_RUNTIME_VERSION="21.0.9+-14787801-b1163.94" 
LIBC="default" 
OS_ARCH="x86_64" 
OS_NAME="Windows" 
SOURCE=".:git:0c757ddc9f2f" 

Environment Variables:
PATH=C:\Users\ACER\AppData\Local\Programs\Python\Python312\;C:\Program Files\Common Files\Oracle\Java\javapath;C:\Program Files (x86)\Common Files\Oracle\Java\javapath;C:\Windows\system32;C:\Windows;C:\Windows\System32\Wbem;C:\Windows\System32\WindowsPowerShell\v1.0\;C:\Windows\System32\OpenSSH\;C:\Program Files (x86)\NVIDIA Corporation\PhysX\Common;C:\Program Files\NVIDIA Corporation\NVIDIA NvDLISR;C:\Program Files\Docker\Docker\resources\bin;C:\Program Files\Git\cmd;C:\ProgramData\chocolatey\bin;C:\Program Files\nodejs\;C:\WINDOWS\system32;C:\WINDOWS;C:\WINDOWS\System32\Wbem;C:\WINDOWS\System32\WindowsPowerShell\v1.0\;C:\WINDOWS\System32\OpenSSH\;C:\Program Files\SSS\CLIPS 6.4.2;C:\Program Files\Go\bin;C:\Users\ACER\AppData\Local\Programs\Python\Python314\Scripts\;C:\Users\ACER\AppData\Local\Programs\Python\Python314\;C:\msys64\ucrt64\bin;C:\Users\ACER\AppData\Local\Microsoft\WindowsApps;C:\Users\ACER\AppData\Local\Programs\Microsoft VS Code\bin;C:\Users\ACER\AppData\Roaming\Programs\Zero Install;C:\msys64\mingw64\bin;C:\Users\ACER\AppData\Local\GitHubDesktop\bin;C:\ProgramData\ACER\GitHubDesktop\bin;C:\Users\ACER\AppData\Roaming\npm;C:\Users\ACER\AppData\Local\Microsoft\WindowsApps;C:\Users\ACER\AppData\Local\Python\bin;C:\Users\ACER\go\bin;C:\Users\ACER\AppData\Local\Programs\Antigravity\bin;C:\Users\ACER\AppData\Local\JetBrains\Toolbox\scripts;
USERNAME=ACER
OS=Windows_NT
PROCESSOR_IDENTIFIER=Intel64 Family 6 Model 186 Stepping 2, GenuineIntel
TMP=C:\Users\ACER\AppData\Local\Temp
TEMP=C:\Users\ACER\AppData\Local\Temp




Periodic native trim disabled

JNI global refs:
JNI global refs: 28, weak refs: 6

JNI global refs memory usage: 835, weak refs: 833

Process memory usage:
Resident Set Size: 287620K (3% of 8085368K total physical memory with 44536K free physical memory)

OOME stack traces (most recent first):
Classloader memory used:
Loader org.gradle.internal.classloader.VisitableURLClassLoader                         : 38641K
Loader bootstrap                                                                       : 25721K
Loader org.gradle.internal.classloader.VisitableURLClassLoader$InstrumentingVisitableURLClassLoader: 14588K
Loader org.gradle.initialization.MixInLegacyTypesClassLoader                           : 7559K
Loader jdk.internal.reflect.DelegatingClassLoader                                      : 1273K
Loader jdk.internal.loader.ClassLoaders$PlatformClassLoader                            : 503K
Loader jdk.internal.loader.ClassLoaders$AppClassLoader                                 : 237K

Classes loaded by more than one classloader:
Class com.google.common.base.PairwiseEquivalence                                      : loaded 2 times (x 83B)
Class com.google.common.base.Equivalence$Identity                                     : loaded 2 times (x 82B)
Class com.google.common.collect.RegularImmutableMap$KeySet                            : loaded 2 times (x 152B)
Class org.gradle.internal.classloader.FilteringClassLoader                            : loaded 2 times (x 105B)
Class org.gradle.internal.classloader.ClassLoaderHierarchy                            : loaded 2 times (x 70B)
Class com.google.common.collect.ImmutableEnumSet                                      : loaded 2 times (x 146B)
Class com.google.common.util.concurrent.ExecutionError                                : loaded 2 times (x 82B)
Class com.google.common.collect.ImmutableList$1                                       : loaded 2 times (x 97B)
Class com.google.common.collect.AbstractMapBasedMultimap$WrappedCollection            : loaded 2 times (x 124B)
Class org.gradle.api.internal.classpath.ManifestUtil                                  : loaded 2 times (x 71B)
Class com.google.common.collect.RegularImmutableMap                                   : loaded 2 times (x 121B)
Class com.google.common.collect.ImmutableMap$MapViewOfValuesAsSingletonSets           : loaded 2 times (x 126B)
Class com.google.common.collect.UnmodifiableListIterator                              : loaded 2 times (x 95B)
Class com.google.common.base.Platform$JdkPatternCompiler                              : loaded 2 times (x 75B)
Class [Lcom.google.common.cache.CacheBuilder$OneWeigher;                              : loaded 2 times (x 69B)
Class com.google.common.base.Suppliers                                                : loaded 2 times (x 71B)
Class org.gradle.internal.classloader.DefaultClassLoaderFactory                       : loaded 2 times (x 82B)
Class org.gradle.internal.classloader.ClassLoaderVisitor                              : loaded 2 times (x 76B)
Class org.gradle.api.internal.classpath.EffectiveClassPath                            : loaded 2 times (x 90B)
Class com.google.common.collect.ImmutableEnumMap                                      : loaded 2 times (x 126B)
Class com.google.common.collect.ListMultimap                                          : loaded 2 times (x 70B)
Class com.google.common.collect.Sets$1                                                : loaded 2 times (x 139B)
Class com.google.common.collect.ImmutableSet$SerializedForm                           : loaded 2 times (x 73B)
Class org.gradle.api.internal.DefaultClassPathProvider                                : loaded 2 times (x 76B)
Class com.google.common.collect.Sets$2                                                : loaded 2 times (x 139B)
Class [Lorg.gradle.api.internal.ClassPathProvider;                                    : loaded 2 times (x 69B)
Class org.gradle.api.internal.ClassPathProvider                                       : loaded 2 times (x 70B)
Class com.google.common.collect.Sets$3                                                : loaded 2 times (x 139B)
Class com.google.common.cache.LocalCache$LocalLoadingCache                            : loaded 2 times (x 134B)
Class org.gradle.internal.service.UnknownServiceException                             : loaded 2 times (x 83B)
Class com.google.common.collect.Sets$4                                                : loaded 2 times (x 139B)
Class com.google.common.cache.LocalCache$Strength$1                                   : loaded 2 times (x 81B)
Class com.google.common.util.concurrent.SettableFuture                                : loaded 2 times (x 114B)
Class com.google.common.cache.LocalCache$Strength$2                                   : loaded 2 times (x 81B)
Class com.google.common.cache.LocalCache$Strength$3                                   : loaded 2 times (x 81B)
Class com.google.common.collect.MapDifference                                         : loaded 2 times (x 70B)
Class com.google.common.cache.CacheBuilder$NullListener                               : loaded 2 times (x 82B)
Class org.gradle.internal.classpath.TransformedClassPath                              : loaded 2 times (x 96B)
Class org.gradle.internal.classloader.InstrumentingClassLoader                        : loaded 2 times (x 70B)
Class com.google.common.cache.CacheLoader$FunctionToCacheLoader                       : loaded 2 times (x 75B)
Class com.google.common.collect.Iterators$ArrayItr                                    : loaded 2 times (x 97B)
Class com.google.common.base.Joiner                                                   : loaded 2 times (x 79B)
Class com.google.common.base.MoreObjects                                              : loaded 2 times (x 71B)
Class com.google.common.collect.UnmodifiableIterator                                  : loaded 2 times (x 80B)
Class org.gradle.internal.service.ServiceLocator                                      : loaded 2 times (x 70B)
Class com.google.common.cache.LocalCache$1                                            : loaded 2 times (x 89B)
Class com.google.common.collect.Iterators$SingletonIterator                           : loaded 2 times (x 81B)
Class com.google.common.collect.AbstractMapEntry                                      : loaded 2 times (x 81B)
Class com.google.common.cache.LocalCache$2                                            : loaded 2 times (x 142B)
Class com.google.common.collect.AbstractMultimap                                      : loaded 2 times (x 123B)
Class com.google.common.collect.RegularImmutableAsList                                : loaded 2 times (x 217B)
Class com.google.common.util.concurrent.AbstractFuture$Trusted                        : loaded 2 times (x 70B)
Class com.google.common.collect.Iterators                                             : loaded 2 times (x 71B)
Class com.google.common.collect.Lists$StringAsImmutableList                           : loaded 2 times (x 207B)
Class com.google.common.util.concurrent.UncheckedExecutionException                   : loaded 2 times (x 82B)
Class org.gradle.internal.InternalTransformer                                         : loaded 2 times (x 70B)
Class com.google.common.cache.CacheLoader$UnsupportedLoadingOperationException        : loaded 2 times (x 82B)
Class org.gradle.internal.classloader.ClasspathUtil$1                                 : loaded 2 times (x 76B)
Class com.google.common.collect.IndexedImmutableSet                                   : loaded 2 times (x 152B)
Class com.google.common.collect.ImmutableMap$1                                        : loaded 2 times (x 81B)
Class com.google.common.collect.BiMap                                                 : loaded 2 times (x 70B)
Class org.gradle.api.internal.classpath.DefaultModuleRegistry$DefaultModule           : loaded 2 times (x 86B)
Class com.google.common.collect.AbstractIterator                                      : loaded 2 times (x 82B)
Class com.google.common.collect.ObjectArrays                                          : loaded 2 times (x 71B)
Class com.google.common.collect.AbstractIndexedListIterator                           : loaded 2 times (x 96B)
Class com.google.common.collect.ArrayListMultimapGwtSerializationDependencies         : loaded 2 times (x 172B)
Class com.google.common.collect.Multiset                                              : loaded 2 times (x 70B)
Class com.google.common.collect.ImmutableMapEntrySet                                  : loaded 2 times (x 152B)
Class org.gradle.api.internal.classpath.Module                                        : loaded 2 times (x 70B)
Class com.google.common.cache.Weigher                                                 : loaded 2 times (x 70B)
Class org.gradle.api.internal.classpath.UnknownModuleException                        : loaded 2 times (x 82B)
Class com.google.common.base.Stopwatch                                                : loaded 2 times (x 72B)
Class com.google.common.cache.LocalCache$Strength                                     : loaded 2 times (x 81B)
Class com.google.common.cache.Cache                                                   : loaded 2 times (x 70B)
Class com.google.common.util.concurrent.AbstractFuture$Cancellation                   : loaded 2 times (x 72B)
Class com.google.common.collect.ImmutableMap$Builder                                  : loaded 2 times (x 82B)
Class com.google.common.cache.RemovalListener                                         : loaded 2 times (x 70B)
Class org.gradle.api.internal.DefaultClassPathRegistry                                : loaded 2 times (x 76B)
Class com.google.common.collect.Multimap                                              : loaded 2 times (x 70B)
Class org.gradle.api.internal.ClassPathRegistry                                       : loaded 2 times (x 70B)
Class org.gradle.internal.classpath.DefaultClassPath$ImmutableUniqueList              : loaded 2 times (x 199B)
Class com.google.common.cache.CacheBuilder                                            : loaded 2 times (x 72B)
Class com.google.common.collect.SingletonImmutableList                                : loaded 2 times (x 207B)
Class org.gradle.internal.classpath.ClassPath                                         : loaded 2 times (x 70B)
Class org.gradle.api.UncheckedIOException                                             : loaded 2 times (x 82B)
Class com.google.common.base.JdkPattern                                               : loaded 2 times (x 75B)
Class com.google.common.collect.ImmutableList$ReverseImmutableList                    : loaded 2 times (x 209B)
Class com.google.common.base.Suppliers$SupplierOfInstance                             : loaded 2 times (x 79B)
Class com.google.common.collect.Iterators$1                                           : loaded 2 times (x 81B)
Class com.google.common.cache.LocalCache$ComputingValueReference                      : loaded 2 times (x 96B)
Class com.google.common.collect.ImmutableMap$IteratorBasedImmutableMap                : loaded 2 times (x 126B)
Class com.google.common.collect.SingletonImmutableSet                                 : loaded 2 times (x 146B)
Class com.google.common.cache.LocalCache$Segment                                      : loaded 2 times (x 154B)
Class com.google.common.cache.CacheLoader                                             : loaded 2 times (x 74B)
Class com.google.common.collect.Iterators$4                                           : loaded 2 times (x 82B)
Class com.google.common.collect.ImmutableBiMap                                        : loaded 2 times (x 143B)
Class com.google.common.collect.AbstractListMultimap                                  : loaded 2 times (x 172B)
Class org.gradle.internal.installation.GradleInstallation$1                           : loaded 2 times (x 75B)
Class org.gradle.api.internal.classpath.ModuleRegistry                                : loaded 2 times (x 70B)
Class com.google.common.util.concurrent.internal.InternalFutureFailureAccess          : loaded 2 times (x 72B)
Class com.google.common.collect.Iterators$5                                           : loaded 2 times (x 82B)
Class com.google.common.cache.LocalCache$LocalManualCache$1                           : loaded 2 times (x 75B)
Class com.google.common.collect.ImmutableCollection                                   : loaded 2 times (x 125B)
Class org.gradle.api.internal.classpath.DefaultModuleRegistry                         : loaded 2 times (x 86B)
Class com.google.common.collect.Lists                                                 : loaded 2 times (x 71B)
Class com.google.common.util.concurrent.ListenableFuture                              : loaded 2 times (x 70B)
Class com.google.common.cache.ReferenceEntry                                          : loaded 2 times (x 70B)
Class com.google.common.base.Converter                                                : loaded 2 times (x 90B)
Class com.google.common.collect.ImmutableSet$CachingAsList                            : loaded 2 times (x 148B)
Class com.google.common.util.concurrent.AbstractFuture                                : loaded 2 times (x 106B)
Class com.google.common.base.FunctionalEquivalence                                    : loaded 2 times (x 83B)
Class com.google.common.collect.Iterators$9                                           : loaded 2 times (x 81B)
Class com.google.common.collect.AbstractMapBasedMultimap                              : loaded 2 times (x 139B)
Class com.google.common.collect.ImmutableAsList                                       : loaded 2 times (x 209B)
Class com.google.common.cache.CacheLoader$SupplierToCacheLoader                       : loaded 2 times (x 75B)
Class com.google.common.collect.Maps$EntryTransformer                                 : loaded 2 times (x 70B)
Class org.gradle.internal.service.ServiceLookupException                              : loaded 2 times (x 82B)
Class [Lcom.google.common.cache.LocalCache$EntryFactory;                              : loaded 2 times (x 69B)
Class org.gradle.internal.classloader.ClassLoaderFactory                              : loaded 2 times (x 70B)
Class com.google.common.base.CommonPattern                                            : loaded 2 times (x 74B)
Class com.google.common.cache.LocalCache$LocalManualCache                             : loaded 2 times (x 99B)
Class org.gradle.internal.service.CachingServiceLocator                               : loaded 2 times (x 82B)
Class com.google.common.collect.ImmutableMapEntry                                     : loaded 2 times (x 85B)
Class com.google.common.base.Equivalence                                              : loaded 2 times (x 82B)
Class com.google.common.collect.ImmutableMapEntry$NonTerminalImmutableMapEntry        : loaded 2 times (x 85B)
Class com.google.common.base.Function                                                 : loaded 2 times (x 70B)
Class com.google.common.cache.CacheBuilder$OneWeigher                                 : loaded 2 times (x 82B)
Class com.google.common.collect.RegularImmutableList                                  : loaded 2 times (x 213B)
Class org.gradle.internal.classloader.ClasspathUtil                                   : loaded 2 times (x 71B)
Class com.google.common.util.concurrent.Uninterruptibles                              : loaded 2 times (x 71B)
Class com.google.common.util.concurrent.LazyLogger                                    : loaded 2 times (x 72B)
Class com.google.common.collect.Maps                                                  : loaded 2 times (x 71B)
Class org.gradle.api.specs.Spec                                                       : loaded 2 times (x 70B)
Class com.google.common.cache.LocalCache$LoadingValueReference                        : loaded 2 times (x 96B)
Class com.google.common.base.Platform                                                 : loaded 2 times (x 71B)
Class com.google.common.collect.Maps$8                                                : loaded 2 times (x 82B)
Class com.google.common.collect.Sets$SetView                                          : loaded 2 times (x 138B)
Class com.google.common.cache.LocalCache$StrongValueReference                         : loaded 2 times (x 90B)
Class org.gradle.internal.classloader.VisitableURLClassLoader$InstrumentingVisitableURLClassLoader: loaded 2 times (x 123B)
Class [Lcom.google.common.cache.CacheBuilder$NullListener;                            : loaded 2 times (x 69B)
Class org.gradle.internal.classloader.VisitableURLClassLoader$Spec                    : loaded 2 times (x 74B)
Class org.gradle.internal.classpath.DefaultClassPath                                  : loaded 2 times (x 90B)
Class com.google.common.collect.RegularImmutableMap$Values                            : loaded 2 times (x 207B)
Class com.google.common.collect.ImmutableSet                                          : loaded 2 times (x 145B)
Class org.gradle.internal.classloader.ClassLoaderSpec                                 : loaded 2 times (x 71B)
Class com.google.common.cache.CacheStats                                              : loaded 2 times (x 71B)
Class com.google.common.util.concurrent.AbstractFuture$Listener                       : loaded 2 times (x 72B)
Class com.google.common.base.Supplier                                                 : loaded 2 times (x 70B)
Class org.gradle.internal.classloader.VisitableURLClassLoader                         : loaded 2 times (x 117B)
Class com.google.common.collect.ImmutableList$SerializedForm                          : loaded 2 times (x 73B)
Class org.gradle.internal.Cast                                                        : loaded 2 times (x 71B)
Class org.gradle.api.Action                                                           : loaded 2 times (x 70B)
Class com.google.common.collect.Sets                                                  : loaded 2 times (x 71B)
Class com.google.common.base.Strings                                                  : loaded 2 times (x 71B)
Class com.google.common.base.Ticker                                                   : loaded 2 times (x 72B)
Class [Lcom.google.common.cache.LocalCache$Segment;                                   : loaded 2 times (x 69B)
Class com.google.common.base.Predicate                                                : loaded 2 times (x 70B)
Class [Lcom.google.common.cache.LocalCache$Strength;                                  : loaded 2 times (x 69B)
Class com.google.common.cache.CacheBuilder$1                                          : loaded 2 times (x 85B)
Class com.google.common.collect.ImmutableMap                                          : loaded 2 times (x 120B)
Class org.gradle.internal.classpath.DefaultClassPath$ImmutableUniqueList$Builder      : loaded 2 times (x 75B)
Class com.google.common.cache.LocalCache                                              : loaded 2 times (x 187B)
Class com.google.common.cache.CacheBuilder$2                                          : loaded 2 times (x 79B)
Class com.google.common.cache.CacheBuilder$3                                          : loaded 2 times (x 72B)
Class com.google.common.collect.ImmutableEntry                                        : loaded 2 times (x 82B)
Class com.google.common.collect.ArrayListMultimap                                     : loaded 2 times (x 172B)
Class org.gradle.api.GradleException                                                  : loaded 2 times (x 82B)
Class com.google.common.collect.CollectPreconditions                                  : loaded 2 times (x 71B)
Class com.google.common.collect.SortedMapDifference                                   : loaded 2 times (x 70B)
Class com.google.common.cache.LocalCache$EntryFactory                                 : loaded 2 times (x 83B)
Class com.google.common.cache.LocalCache$AbstractReferenceEntry                       : loaded 2 times (x 107B)
Class org.gradle.internal.IoActions                                                   : loaded 2 times (x 71B)
Class com.google.common.cache.CacheLoader$InvalidCacheLoadException                   : loaded 2 times (x 82B)
Class com.google.common.collect.ImmutableSet$RegularSetBuilderImpl                    : loaded 2 times (x 77B)
Class org.gradle.internal.classloader.SystemClassLoaderSpec                           : loaded 2 times (x 71B)
Class com.google.common.cache.LocalCache$StrongEntry                                  : loaded 2 times (x 108B)
Class com.google.common.util.concurrent.AbstractFuture$TrustedFuture                  : loaded 2 times (x 114B)
Class com.google.common.cache.LoadingCache                                            : loaded 2 times (x 70B)
Class [Lcom.google.common.cache.Weigher;                                              : loaded 2 times (x 69B)
Class com.google.common.collect.RegularImmutableMap$BucketOverflowException           : loaded 2 times (x 82B)
Class com.google.common.cache.LocalCache$ValueReference                               : loaded 2 times (x 70B)
Class com.google.common.base.PatternCompiler                                          : loaded 2 times (x 70B)
Class com.google.common.util.concurrent.AbstractFuture$Failure                        : loaded 2 times (x 72B)
Class com.google.common.base.Equivalence$Equals                                       : loaded 2 times (x 82B)
Class com.google.common.base.Preconditions                                            : loaded 2 times (x 71B)
Class com.google.common.base.Joiner$1                                                 : loaded 2 times (x 80B)
Class com.google.common.collect.PeekingIterator                                       : loaded 2 times (x 70B)
Class com.google.common.base.Joiner$2                                                 : loaded 2 times (x 79B)
Class com.google.common.cache.LocalCache$EntryFactory$1                               : loaded 2 times (x 83B)
Class [Lcom.google.common.cache.RemovalListener;                                      : loaded 2 times (x 69B)
Class com.google.common.cache.LocalCache$EntryFactory$2                               : loaded 2 times (x 83B)
Class org.gradle.api.internal.classpath.GlobalCacheRootsProvider                      : loaded 2 times (x 70B)
Class com.google.common.cache.LocalCache$EntryFactory$3                               : loaded 2 times (x 83B)
Class com.google.common.base.Ticker$1                                                 : loaded 2 times (x 72B)
Class com.google.common.collect.ImmutableMapEntrySet$RegularEntrySet                  : loaded 2 times (x 152B)
Class com.google.common.collect.Maps$BiMapConverter                                   : loaded 2 times (x 90B)
Class com.google.common.cache.LocalCache$EntryFactory$4                               : loaded 2 times (x 83B)
Class com.google.common.cache.LocalCache$EntryFactory$5                               : loaded 2 times (x 83B)
Class com.google.common.cache.LocalCache$EntryFactory$6                               : loaded 2 times (x 83B)
Class org.gradle.internal.installation.CurrentGradleInstallationLocator               : loaded 2 times (x 71B)
Class com.google.common.cache.LocalCache$EntryFactory$7                               : loaded 2 times (x 83B)
Class com.google.common.collect.ImmutableList                                         : loaded 2 times (x 206B)
Class org.gradle.internal.service.DefaultServiceLocator                               : loaded 2 times (x 83B)
Class com.google.common.cache.LocalCache$EntryFactory$8                               : loaded 2 times (x 83B)
Class com.google.common.collect.ImmutableSet$SetBuilderImpl                           : loaded 2 times (x 76B)
Class org.gradle.internal.installation.CurrentGradleInstallation                      : loaded 2 times (x 73B)
Class com.google.common.collect.ForwardingObject                                      : loaded 2 times (x 72B)
Class com.google.common.cache.CacheLoader$1                                           : loaded 2 times (x 75B)
Class com.google.common.collect.ImmutableList$SubList                                 : loaded 2 times (x 209B)
Class org.gradle.util.internal.GUtil                                                  : loaded 2 times (x 71B)
Class com.google.common.cache.AbstractCache$StatsCounter                              : loaded 2 times (x 70B)
Class com.google.common.collect.Iterators$MergingIterator                             : loaded 2 times (x 81B)
Class com.google.common.collect.RegularImmutableSet                                   : loaded 2 times (x 149B)
Class org.gradle.internal.installation.GradleInstallation                             : loaded 2 times (x 75B)

---------------  S Y S T E M  ---------------

OS:
 Windows 11 , 64 bit Build 26100 (10.0.26100.7920)
OS uptime: 3 days 5:30 hours
Hyper-V role detected

CPU: total 12 (initial active 12) (6 cores per cpu, 2 threads per core) family 6 model 186 stepping 2 microcode 0x5103, cx8, cmov, fxsr, ht, mmx, 3dnowpref, sse, sse2, sse3, ssse3, sse4.1, sse4.2, popcnt, lzcnt, tsc, tscinvbit, avx, avx2, aes, erms, clmul, bmi1, bmi2, adx, sha, fma, vzeroupper, clflush, clflushopt, clwb, hv, serialize, rdtscp, rdpid, fsrm, f16c, cet_ibt, cet_ss
Processor Information for processor 0
  Max Mhz: 2100, Current Mhz: 2100, Mhz Limit: 2100
Processor Information for processor 1
  Max Mhz: 2100, Current Mhz: 2100, Mhz Limit: 2100
Processor Information for processor 2
  Max Mhz: 2100, Current Mhz: 2100, Mhz Limit: 2100
Processor Information for processor 3
  Max Mhz: 2100, Current Mhz: 2100, Mhz Limit: 2100
Processor Information for processor 4
  Max Mhz: 2100, Current Mhz: 2100, Mhz Limit: 2100
Processor Information for processor 5
  Max Mhz: 2100, Current Mhz: 2100, Mhz Limit: 2100
Processor Information for processor 6
  Max Mhz: 2100, Current Mhz: 2100, Mhz Limit: 2100
Processor Information for processor 7
  Max Mhz: 2100, Current Mhz: 2100, Mhz Limit: 2100
Processor Information for processor 8
  Max Mhz: 2100, Current Mhz: 1540, Mhz Limit: 2100
Processor Information for processor 9
  Max Mhz: 2100, Current Mhz: 1540, Mhz Limit: 2100
Processor Information for processor 10
  Max Mhz: 2100, Current Mhz: 2100, Mhz Limit: 2100
Processor Information for processor 11
  Max Mhz: 2100, Current Mhz: 2100, Mhz Limit: 2100

Memory: 4k page, system-wide physical 7895M (99M free)
TotalPageFile size 26511M (AvailPageFile size 0M)
current process WorkingSet (physical memory assigned to process): 268M, peak: 299M
current process commit charge ("private bytes"): 428M, peak: 435M

vm_info: OpenJDK 64-Bit Server VM (21.0.9+-14787801-b1163.94) for windows-amd64 JRE (21.0.9+-14787801-b1163.94), built on 2026-01-27T21:15:44Z by "builder" with MS VC++ 16.10 / 16.11 (VS2019)

END.
